timestamp_ms,equity,balance,position_qty,position_entry_price,unrealized_pnl,realized_pnl,fees_paid,drawdown_pct,snapshot_version,global_halted
1700000000000,10000.0,10000.0,0,0,0.0,0,0,0,1,False
1700000060000,10000.0,10000.0,0,0,0.0,0,0,0,2,False
1700000120000,10000.0,10000.0,0,0,0.0,0,0,0,3,False
1700000180000,10000.0,10000.0,0,0,0.0,0,0,0,4,False
1700000240000,10000.0,10000.0,0,0,0.0,0,0,0,5,False
1700000300000,10000.0,10000.0,0,0,0.0,0,0,0,6,False
1700000360000,10000.0,10000.0,0,0,0.0,0,0,0,7,False
1700000420000,10000.0,10000.0,0,0,0.0,0,0,0,8,False
1700000480000,10000.0,10000.0,0,0,0.0,0,0,0,9,False
1700000540000,10000.0,10000.0,0,0,0.0,0,0,0,10,False
1700000600000,10000.0,10000.0,0,0,0.0,0,0,0,11,False
1700000660000,10000.0,10000.0,0,0,0.0,0,0,0,12,False
1700000720000,10000.0,10000.0,0,0,0.0,0,0,0,13,False
1700000780000,10000.0,10000.0,0,0,0.0,0,0,0,14,False
1700000840000,10000.0,10000.0,0,0,0.0,0,0,0,15,False
1700000900000,10000.0,10000.0,0,0,0.0,0,0,0,16,False
1700000960000,10000.0,10000.0,0,0,0.0,0,0,0,17,False
1700001020000,10000.0,10000.0,0,0,0.0,0,0,0,18,False
1700001080000,10000.0,10000.0,0,0,0.0,0,0,0,19,False
1700001140000,10000.0,10000.0,0,0,0.0,0,0,0,20,False
1700001200000,10000.0,10000.0,0,0,0.0,0,0,0,21,False
1700001260000,10000.0,10000.0,0,0,0.0,0,0,0,22,False
1700001320000,10000.0,10000.0,0,0,0.0,0,0,0,23,False
1700001380000,10000.0,10000.0,0,0,0.0,0,0,0,24,False
1700001440000,10000.0,10000.0,0,0,0.0,0,0,0,25,False
1700001500000,10000.0,10000.0,0,0,0.0,0,0,0,26,False
1700001560000,10000.0,10000.0,0,0,0.0,0,0,0,27,False
1700001620000,10000.0,10000.0,0,0,0.0,0,0,0,28,False
1700001680000,10000.0,10000.0,0,0,0.0,0,0,0,29,False
1700001740000,10000.0,10000.0,0,0,0.0,0,0,0,30,False
1700001800000,542.14988091354707,535.806393,0.187,50610.66,6.34348791354707,0,0,0.945785011908645293,31,False
1700001860000,545.294444390397052,535.806393,0.187,50610.66,9.488051390397052,0,0,0.9454705555609602948,32,False
1700001920000,535.33314927387835,535.806393,0.187,50610.66,-0.47324372612165,0,0,0.946466685072612165,33,False
1700001980000,530.005458300244145,535.806393,0.187,50610.66,-5.800934699755855,0,0,0.9469994541699755855,34,False
1700002040000,526.75598797962724,535.806393,0.187,50610.66,-9.05040502037276,0,0,0.947324401202037276,35,False
1700002100000,521.88957706557508,535.806393,0.187,50610.66,-13.91681593442492,0,0,0.947811042293442492,36,False
1700002160000,527.79175328513481,535.806393,0.187,50610.66,-8.01463971486519,0,0,0.947220824671486519,37,False
1700002220000,526.58572887886769,535.806393,0.187,50610.66,-9.22066412113231,0,0,0.947341427112113231,38,False
1700002280000,522.59359524420357,535.806393,0.187,50610.66,-13.21279775579643,0,0,0.947740640475579643,39,False
1700002340000,509.147679588448702,535.806393,0.187,50610.66,-26.658713411551298,0,0,0.9490852320411551298,40,False
1700002400000,512.24058313593045,535.806393,0.187,50610.66,-23.56580986406955,0,0,0.948775941686406955,41,False
1700002460000,512.90743401153015,535.806393,0.187,50610.66,-22.89895898846985,0,0,0.948709256598846985,42,False
1700002520000,508.166183229178495,535.806393,0.187,50610.66,-27.640209770821505,0,0,0.9491833816770821505,43,False
1700002580000,504.91203572039044,535.806393,0.187,50610.66,-30.89435727960956,0,0,0.949508796427960956,44,False
1700002640000,499.69707909588369,535.806393,0.187,50610.66,-36.10931390411631,0,0,0.950030292090411631,45,False
1700002700000,486.91537433520697,535.806393,0.187,50610.66,-48.89101866479303,0,0,0.951308462566479303,46,False
1700002760000,483.85359056084271,535.806393,0.187,50610.66,-51.95280243915729,0,0,0.951614640943915729,47,True
1700002820000,482.1866633143416,535.806393,0.187,50610.66,-53.6197296856584,0,0,0.95178133366856584,48,True
1700002880000,486.00075663008607,535.806393,0.187,50610.66,-49.80563636991393,0,0,0.951399924336991393,49,True
1700002940000,478.875952614050562,535.806393,0.187,50610.66,-56.930440385949438,0,0,0.9521124047385949438,50,True
1700003000000,464.89006340070295,535.806393,0.187,50610.66,-70.91632959929705,0,0,0.953510993659929705,51,True
1700003060000,468.951178343824098,535.806393,0.187,50610.66,-66.855214656175902,0,0,0.9531048821656175902,52,True
1700003120000,460.58614930310401,535.806393,0.187,50610.66,-75.22024369689599,0,0,0.953941385069689599,53,True
1700003180000,452.379374991548102,535.806393,0.187,50610.66,-83.427018008451898,0,0,0.9547620625008451898,54,True
1700003240000,454.2814647548396,535.806393,0.187,50610.66,-81.5249282451604,0,0,0.95457185352451604,55,True
1700003300000,445.07257689269255,535.806393,0.187,50610.66,-90.73381610730745,0,0,0.955492742310730745,56,True
1700003360000,444.71446797822529,535.806393,0.187,50610.66,-91.09192502177471,0,0,0.955528553202177471,57,True
1700003420000,436.13377978005793,535.806393,0.187,50610.66,-99.67261321994207,0,0,0.956386622021994207,58,True
1700003480000,433.524654509660955,535.806393,0.187,50610.66,-102.281738490339045,0,0,0.9566475345490339045,59,True
1700003540000,433.193805175779152,535.806393,0.187,50610.66,-102.612587824220848,0,0,0.9566806194824220848,60,True
1700003600000,417.40031624885903,535.806393,0.187,50610.66,-118.40607675114097,0,0,0.958259968375114097,61,True
1700003660000,427.92125076106792,535.806393,0.187,50610.66,-107.88514223893208,0,0,0.957207874923893208,62,True
1700003720000,416.121536154717645,535.806393,0.187,50610.66,-119.684856845282355,0,0,0.9583878463845282355,63,True
1700003780000,412.8913857833973,535.806393,0.187,50610.66,-122.9150072166027,0,0,0.95871086142166027,64,True
1700003840000,414.55849315318472,535.806393,0.187,50610.66,-121.24789984681528,0,0,0.958544150684681528,65,True
1700003900000,398.33800398515597,535.806393,0.187,50610.66,-137.46838901484403,0,0,0.960166199601484403,66,True
1700003960000,404.2784457970477,535.806393,0.187,50610.66,-131.5279472029523,0,0,0.95957215542029523,67,True
1700004020000,406.74582708674828,535.806393,0.187,50610.66,-129.06056591325172,0,0,0.959325417291325172,68,True
1700004080000,399.75361249247491,535.806393,0.187,50610.66,-136.05278050752509,0,0,0.960024638750752509,69,True
1700004140000,406.65123387973294,535.806393,0.187,50610.66,-129.15515912026706,0,0,0.959334876612026706,70,True
1700004200000,403.8424837059381,535.806393,0.187,50610.66,-131.9639092940619,0,0,0.95961575162940619,71,True
1700004260000,397.2033306320001,535.806393,0.187,50610.66,-138.6030623679999,0,0,0.96027966693679999,72,True
1700004320000,401.80489958820377,535.806393,0.187,50610.66,-134.00149341179623,0,0,0.959819510041179623,73,True
1700004380000,401.38513226887098,535.806393,0.187,50610.66,-134.42126073112902,0,0,0.959861486773112902,74,True
1700004440000,394.73126106095738,535.806393,0.187,50610.66,-141.07513193904262,0,0,0.960526873893904262,75,True
1700004500000,399.3296760515523,535.806393,0.187,50610.66,-136.4767169484477,0,0,0.96006703239484477,76,True
1700004560000,400.647317239291935,535.806393,0.187,50610.66,-135.159075760708065,0,0,0.9599352682760708065,77,True
1700004620000,396.30652754288608,535.806393,0.187,50610.66,-139.49986545711392,0,0,0.960369347245711392,78,True
1700004680000,394.59805457068305,535.806393,0.187,50610.66,-141.20833842931695,0,0,0.960540194542931695,79,True
1700004740000,398.00561985584445,535.806393,0.187,50610.66,-137.80077314415555,0,0,0.960199438014415555,80,True
1700004800000,399.24061450823419,535.806393,0.187,50610.66,-136.56577849176581,0,0,0.960075938549176581,81,True
1700004860000,404.24502701792958,535.806393,0.187,50610.66,-131.56136598207042,0,0,0.959575497298207042,82,True
1700004920000,419.66527216819228,535.806393,0.187,50610.66,-116.14112083180772,0,0,0.958033472783180772,83,True
1700004980000,411.521183119310725,535.806393,0.187,50610.66,-124.285209880689275,0,0,0.9588478816880689275,84,True
1700005040000,429.67317696019223,535.806393,0.187,50610.66,-106.13321603980777,0,0,0.957032682303980777,85,True
1700005100000,431.681819989662065,535.806393,0.187,50610.66,-104.124573010337935,0,0,0.9568318180010337935,86,True
1700005160000,437.04078559947004,535.806393,0.187,50610.66,-98.76560740052996,0,0,0.956295921440052996,87,True
1700005220000,435.81921715501049,535.806393,0.187,50610.66,-99.98717584498951,0,0,0.956418078284498951,88,True
1700005280000,438.52375970718965,535.806393,0.187,50610.66,-97.28263329281035,0,0,0.956147624029281035,89,True
1700005340000,447.21837543349781,535.806393,0.187,50610.66,-88.58801756650219,0,0,0.955278162456650219,90,True
1700005400000,457.932288970243515,535.806393,0.187,50610.66,-77.874104029756485,0,0,0.9542067711029756485,91,True
1700005460000,464.65822521790662,535.806393,0.187,50610.66,-71.14816778209338,0,0,0.953534177478209338,92,True
1700005520000,461.27896764294489,535.806393,0.187,50610.66,-74.52742535705511,0,0,0.953872103235705511,93,True
1700005580000,473.26584203533196,535.806393,0.187,50610.66,-62.54055096466804,0,0,0.952673415796466804,94,True
1700005640000,468.642381984380625,535.806393,0.187,50610.66,-67.164011015619375,0,0,0.9531357618015619375,95,True
1700005700000,484.04919266933263,535.806393,0.187,50610.66,-51.75720033066737,0,0,0.951595080733066737,96,True
1700005760000,485.2649839066127,535.806393,0.187,50610.66,-50.5414090933873,0,0,0.95147350160933873,97,True
1700005820000,486.71707321438631,535.806393,0.187,50610.66,-49.08931978561369,0,0,0.951328292678561369,98,True
1700005880000,498.76459891395347,535.806393,0.187,50610.66,-37.04179408604653,0,0,0.950123540108604653,99,True
1700005940000,511.61440067506891,535.806393,0.187,50610.66,-24.19199232493109,0,0,0.948838559932493109,100,True
1700006000000,517.00093453612858,535.806393,0.187,50610.66,-18.80545846387142,0,0,0.948299906546387142,101,True
1700006060000,525.9838475042304,535.806393,0.187,50610.66,-9.8225454957696,0,0,0.94740161524957696,102,True
1700006120000,522.93308692234072,535.806393,0.187,50610.66,-12.87330607765928,0,0,0.947706691307765928,103,True
1700006180000,535.14016856664167,535.806393,0.187,50610.66,-0.66622443335833,0,0,0.946485983143335833,104,True
1700006240000,544.22179645759014,535.806393,0.187,50610.66,8.41540345759014,0,0,0.945577820354240986,105,True
1700006300000,549.66882103319385,535.806393,0.187,50610.66,13.86242803319385,0,0,0.945033117896680615,106,True
1700006360000,548.77950106193457,535.806393,0.187,50610.66,12.97310806193457,0,0,0.945122049893806543,107,True
1700006420000,565.421464972821005,535.806393,0.187,50610.66,29.615071972821005,0,0,0.9434578535027178995,108,True
1700006480000,574.045014936972875,535.806393,0.187,50610.66,38.238621936972875,0,0,0.9425954985063027125,109,True
1700006540000,571.62595216473814,535.806393,0.187,50610.66,35.81955916473814,0,0,0.942837404783526186,110,True
1700006600000,573.7086462147347,535.806393,0.187,50610.66,37.9022532147347,0,0,0.94262913537852653,111,True
1700006660000,589.91016276144558,535.806393,0.187,50610.66,54.10376976144558,0,0,0.941008983723855442,112,True
1700006720000,592.67373353814429,535.806393,0.187,50610.66,56.86734053814429,0,0,0.940732626646185571,113,True
1700006780000,593.88430412384393,535.806393,0.187,50610.66,58.07791112384393,0,0,0.940611569587615607,114,True
1700006840000,593.8709959410348,535.806393,0.187,50610.66,58.0646029410348,0,0,0.94061290040589652,115,True
1700006900000,604.20529071104566,535.806393,0.187,50610.66,68.39889771104566,0,0,0.939579470928895434,116,True
1700006960000,612.71378150361446,535.806393,0.187,50610.66,76.90738850361446,0,0,0.938728621849638554,117,True
1700007020000,609.60791914447437,535.806393,0.187,50610.66,73.80152614447437,0,0,0.939039208085552563,118,True
1700007080000,607.75972526310559,535.806393,0.187,50610.66,71.95333226310559,0,0,0.939224027473689441,119,True
1700007140000,621.681068970473368,535.806393,0.187,50610.66,85.874675970473368,0,0,0.9378318931029526632,120,True
1700007200000,625.379182422388492,535.806393,0.187,50610.66,89.572789422388492,0,0,0.9374620817577611508,121,True
1700007260000,621.70027744758814,535.806393,0.187,50610.66,85.89388444758814,0,0,0.937829972255241186,122,True
1700007320000,635.810481541349685,535.806393,0.187,50610.66,100.004088541349685,0,0,0.9364189518458650315,123,True
1700007380000,630.24315462770487,535.806393,0.187,50610.66,94.43676162770487,0,0,0.936975684537229513,124,True
1700007440000,636.119458632899295,535.806393,0.187,50610.66,100.313065632899295,0,0,0.9363880541367100705,125,True
1700007500000,638.98170683229587,535.806393,0.187,50610.66,103.17531383229587,0,0,0.936101829316770413,126,True
1700007560000,627.597744627935245,535.806393,0.187,50610.66,91.791351627935245,0,0,0.9372402255372064755,127,True
1700007620000,629.479393710109205,535.806393,0.187,50610.66,93.673000710109205,0,0,0.9370520606289890795,128,True
1700007680000,632.01605481770592,535.806393,0.187,50610.66,96.20966181770592,0,0,0.936798394518229408,129,True
1700007740000,630.528862883230332,535.806393,0.187,50610.66,94.722469883230332,0,0,0.9369471137116769668,130,True
1700007800000,634.640233164723862,535.806393,0.187,50610.66,98.833840164723862,0,0,0.9365359766835276138,131,True
1700007860000,624.37617082862605,535.806393,0.187,50610.66,88.56977782862605,0,0,0.937562382917137395,132,True
1700007920000,635.62484728168911,535.806393,0.187,50610.66,99.81845428168911,0,0,0.936437515271831089,133,True
1700007980000,632.81316230578997,535.806393,0.187,50610.66,97.00676930578997,0,0,0.936718683769421003,134,True
1700008040000,620.92414126683172,535.806393,0.187,50610.66,85.11774826683172,0,0,0.937907585873316828,135,True
1700008100000,629.336254348095898,535.806393,0.187,50610.66,93.529861348095898,0,0,0.9370663745651904102,136,True
1700008160000,613.07100600566206,535.806393,0.187,50610.66,77.26461300566206,0,0,0.938692899399433794,137,True
1700008220000,621.495011461263642,535.806393,0.187,50610.66,85.688618461263642,0,0,0.9378504988538736358,138,True
1700008280000,611.70284539363044,535.806393,0.187,50610.66,75.89645239363044,0,0,0.938829715460636956,139,True
1700008340000,617.55869839345397,535.806393,0.187,50610.66,81.75230539345397,0,0,0.938244130160654603,140,True
1700008400000,603.267316152871325,535.806393,0.187,50610.66,67.460923152871325,0,0,0.9396732683847128675,141,True
1700008460000,604.05568500531662,535.806393,0.187,50610.66,68.24929200531662,0,0,0.939594431499468338,142,True
1700008520000,601.1883722873819,535.806393,0.187,50610.66,65.3819792873819,0,0,0.93988116277126181,143,True
1700008580000,593.04810432463531,535.806393,0.187,50610.66,57.24171132463531,0,0,0.940695189567536469,144,True
1700008640000,583.932028138638112,535.806393,0.187,50610.66,48.125635138638112,0,0,0.9416067971861361888,145,True
1700008700000,592.79136139544872,535.806393,0.187,50610.66,56.98496839544872,0,0,0.940720863860455128,146,True
1700008760000,581.455468406606188,535.806393,0.187,50610.66,45.649075406606188,0,0,0.9418544531593393812,147,True
1700008820000,574.31140361577665,535.806393,0.187,50610.66,38.50501061577665,0,0,0.942568859638422335,148,True
1700008880000,574.32013897661998,535.806393,0.187,50610.66,38.51374597661998,0,0,0.942567986102338002,149,True
1700008940000,559.57477590987028,535.806393,0.187,50610.66,23.76838290987028,0,0,0.944042522409012972,150,True
1700009000000,557.057553868887125,535.806393,0.187,50610.66,21.251160868887125,0,0,0.9442942446131112875,151,True
1700009060000,548.55418405238738,535.806393,0.187,50610.66,12.74779105238738,0,0,0.945144581594761262,152,True
1700009120000,557.452422847604602,535.806393,0.187,50610.66,21.646029847604602,0,0,0.9442547577152395398,153,True
1700009180000,541.7709960853893,535.806393,0.187,50610.66,5.9646030853893,0,0,0.94582290039146107,154,True
1700009240000,543.00437555811437,535.806393,0.187,50610.66,7.19798255811437,0,0,0.945699562444188563,155,True
1700009300000,545.66589901865273,535.806393,0.187,50610.66,9.85950601865273,0,0,0.945433410098134727,156,True
1700009360000,534.54875758283385,535.806393,0.187,50610.66,-1.25763541716615,0,0,0.946545124241716615,157,True
1700009420000,521.173030540159095,535.806393,0.187,50610.66,-14.633362459840905,0,0,0.9478826969459840905,158,True
1700009480000,530.96426161684852,535.806393,0.187,50610.66,-4.84213138315148,0,0,0.946903573838315148,159,True
1700009540000,528.59797016941641,535.806393,0.187,50610.66,-7.20842283058359,0,0,0.947140202983058359,160,True
1700009600000,516.363920546137685,535.806393,0.187,50610.66,-19.442472453862315,0,0,0.9483636079453862315,161,True
1700009660000,514.249744080355128,535.806393,0.187,50610.66,-21.556648919644872,0,0,0.9485750255919644872,162,True
1700009720000,511.77497994240289,535.806393,0.187,50610.66,-24.03141305759711,0,0,0.948822502005759711,163,True
1700009780000,508.49806078702324,535.806393,0.187,50610.66,-27.30833221297676,0,0,0.949150193921297676,164,True
1700009840000,502.84016168842314,535.806393,0.187,50610.66,-32.96623131157686,0,0,0.949715983831157686,165,True
1700009900000,491.19116452236304,535.806393,0.187,50610.66,-44.61522847763696,0,0,0.950880883547763696,166,True
1700009960000,491.2984004259506,535.806393,0.187,50610.66,-44.5079925740494,0,0,0.95087015995740494,167,True
1700010020000,504.757903399691545,535.806393,0.187,50610.66,-31.048489600308455,0,0,0.9495242096600308455,168,True
1700010080000,501.855976971681452,535.806393,0.187,50610.66,-33.950416028318548,0,0,0.9498144023028318548,169,True
1700010140000,495.48584941313184,535.806393,0.187,50610.66,-40.32054358686816,0,0,0.950451415058686816,170,True
1700010200000,493.79470818686339,535.806393,0.187,50610.66,-42.01168481313661,0,0,0.950620529181313661,171,True
1700010260000,498.985532235166338,535.806393,0.187,50610.66,-36.820860764833662,0,0,0.9501014467764833662,172,True
1700010320000,494.98716572641832,535.806393,0.187,50610.66,-40.81922727358168,0,0,0.950501283427358168,173,True
1700010380000,481.64525579987477,535.806393,0.187,50610.66,-54.16113720012523,0,0,0.951835474420012523,174,True
1700010440000,496.42404354395821,535.806393,0.187,50610.66,-39.38234945604179,0,0,0.950357595645604179,175,True
1700010500000,485.423448206619845,535.806393,0.187,50610.66,-50.382944793380155,0,0,0.9514576551793380155,176,True
1700010560000,497.56654856923554,535.806393,0.187,50610.66,-38.23984443076446,0,0,0.950243345143076446,177,True
1700010620000,497.10882668846422,535.806393,0.187,50610.66,-38.69756631153578,0,0,0.950289117331153578,178,True
1700010680000,500.14222443531028,535.806393,0.187,50610.66,-35.66416856468972,0,0,0.949985777556468972,179,True
1700010740000,504.01092884986647,535.806393,0.187,50610.66,-31.79546415013353,0,0,0.949598907115013353,180,True
1700010800000,500.25911743302991,535.806393,0.187,50610.66,-35.54727556697009,0,0,0.949974088256697009,181,True
1700010860000,509.62084696462908,535.806393,0.187,50610.66,-26.18554603537092,0,0,0.949037915303537092,182,True
1700010920000,510.421025964536422,535.806393,0.187,50610.66,-25.385367035463578,0,0,0.9489578974035463578,183,True
1700010980000,515.50209066627679,535.806393,0.187,50610.66,-20.30430233372321,0,0,0.948449790933372321,184,True
1700011040000,505.82688971950422,535.806393,0.187,50610.66,-29.97950328049578,0,0,0.949417311028049578,185,True
1700011100000,517.56633510953141,535.806393,0.187,50610.66,-18.24005789046859,0,0,0.948243366489046859,186,True
1700011160000,528.94443389608008,535.806393,0.187,50610.66,-6.86195910391992,0,0,0.947105556610391992,187,True
1700011220000,520.865354469113972,535.806393,0.187,50610.66,-14.941038530886028,0,0,0.9479134645530886028,188,True
1700011280000,527.21495418179413,535.806393,0.187,50610.66,-8.59143881820587,0,0,0.947278504581820587,189,True
1700011340000,542.80079546656371,535.806393,0.187,50610.66,6.99440246656371,0,0,0.945719920453343629,190,True
1700011400000,551.92705855046398,535.806393,0.187,50610.66,16.12066555046398,0,0,0.944807294144953602,191,True
1700011460000,552.53314862991422,535.806393,0.187,50610.66,16.72675562991422,0,0,0.944746685137008578,192,True
1700011520000,562.800145037980255,535.806393,0.187,50610.66,26.993752037980255,0,0,0.9437199854962019745,193,True
1700011580000,555.84206908137359,535.806393,0.187,50610.66,20.03567608137359,0,0,0.944415793091862641,194,True
1700011640000,562.91436190528848,535.806393,0.187,50610.66,27.10796890528848,0,0,0.943708563809471152,195,True
1700011700000,567.15888866757902,535.806393,0.187,50610.66,31.35249566757902,0,0,0.943284111133242098,196,True
1700011760000,582.55626915024969,535.806393,0.187,50610.66,46.74987615024969,0,0,0.941744373084975031,197,True
1700011820000,595.99278637181823,535.806393,0.187,50610.66,60.18639337181823,0,0,0.940400721362818177,198,True
1700011880000,596.4731061198689,535.806393,0.187,50610.66,60.6667131198689,0,0,0.94035268938801311,199,True
1700011940000,597.048484658537405,535.806393,0.187,50610.66,61.242091658537405,0,0,0.9402951515341462595,200,True
1700012000000,616.36109832462419,535.806393,0.187,50610.66,80.55470532462419,0,0,0.938363890167537581,201,True
1700012060000,607.16974593230979,535.806393,0.187,50610.66,71.36335293230979,0,0,0.939283025406769021,202,True
1700012120000,617.104468906105135,535.806393,0.187,50610.66,81.298075906105135,0,0,0.9382895531093894865,203,True
1700012180000,634.32555202318182,535.806393,0.187,50610.66,98.51915902318182,0,0,0.936567444797681818,204,True
1700012240000,632.39466484416883,535.806393,0.187,50610.66,96.58827184416883,0,0,0.936760533515583117,205,True
1700012300000,643.14596159024905,535.806393,0.187,50610.66,107.33956859024905,0,0,0.935685403840975095,206,True
1700012360000,648.139285869066958,535.806393,0.187,50610.66,112.332892869066958,0,0,0.9351860714130933042,207,True
1700012420000,649.249402258742988,535.806393,0.187,50610.66,113.443009258742988,0,0,0.9350750597741257012,208,True
1700012480000,653.16650019802292,535.806393,0.187,50610.66,117.36010719802292,0,0,0.934683349980197708,209,True
1700012540000,673.63992750166047,535.806393,0.187,50610.66,137.83353450166047,0,0,0.932636007249833953,210,True
1700012600000,675.93803831820718,535.806393,0.187,50610.66,140.13164531820718,0,0,0.932406196168179282,211,True
1700012660000,675.89603273531868,535.806393,0.187,50610.66,140.08963973531868,0,0,0.932410396726468132,212,True
1700012720000,685.33970352310497,535.806393,0.187,50610.66,149.53331052310497,0,0,0.931466029647689503,213,True
1700012780000,680.09438433791493,535.806393,0.187,50610.66,144.28799133791493,0,0,0.931990561566208507,214,True
1700012840000,701.91995299233842,535.806393,0.187,50610.66,166.11355999233842,0,0,0.929808004700766158,215,True
1700012900000,701.63023403998427,535.806393,0.187,50610.66,165.82384103998427,0,0,0.929836976596001573,216,True
1700012960000,710.97265812390126,535.806393,0.187,50610.66,175.16626512390126,0,0,0.928902734187609874,217,True
1700013020000,698.199628794481032,535.806393,0.187,50610.66,162.393235794481032,0,0,0.9301800371205518968,218,True
1700013080000,710.98322784658192,535.806393,0.187,50610.66,175.17683484658192,0,0,0.928901677215341808,219,True
1700013140000,706.11380553126106,535.806393,0.187,50610.66,170.30741253126106,0,0,0.929388619446873894,220,True
1700013200000,719.07986801902362,535.806393,0.187,50610.66,183.27347501902362,0,0,0.928092013198097638,221,True
1700013260000,716.90778551724201,535.806393,0.187,50610.66,181.10139251724201,0,0,0.928309221448275799,222,True
1700013320000,716.88184050910153,535.806393,0.187,50610.66,181.07544750910153,0,0,0.928311815949089847,223,True
1700013380000,724.0431941988354,535.806393,0.187,50610.66,188.2368011988354,0,0,0.92759568058011646,224,True
1700013440000,720.38656030959344,535.806393,0.187,50610.66,184.58016730959344,0,0,0.927961343969040656,225,True
1700013500000,729.03196037235114,535.806393,0.187,50610.66,193.22556737235114,0,0,0.927096803962764886,226,True
1700013560000,717.01988158779199,535.806393,0.187,50610.66,181.21348858779199,0,0,0.928298011841220801,227,True
1700013620000,733.19227322979463,535.806393,0.187,50610.66,197.38588022979463,0,0,0.926680772677020537,228,True
1700013680000,722.885417659577402,535.806393,0.187,50610.66,187.079024659577402,0,0,0.9277114582340422598,229,True
1700013740000,723.88904828112808,535.806393,0.187,50610.66,188.08265528112808,0,0,0.927611095171887192,230,True
1700013800000,730.586158815551818,535.806393,0.187,50610.66,194.779765815551818,0,0,0.9269413841184448182,231,True
1700013860000,721.21120041114519,535.806393,0.187,50610.66,185.40480741114519,0,0,0.927878879958885481,232,True
1700013920000,727.92311764295322,535.806393,0.187,50610.66,192.11672464295322,0,0,0.927207688235704678,233,True
1700013980000,713.11055746816788,535.806393,0.187,50610.66,177.30416446816788,0,0,0.928688944253183212,234,True
1700014040000,724.199676208071062,535.806393,0.187,50610.66,188.393283208071062,0,0,0.9275800323791928938,235,True
1700014100000,708.633358093520342,535.806393,0.187,50610.66,172.826965093520342,0,0,0.9291366641906479658,236,True
1700014160000,719.2122884566586,535.806393,0.187,50610.66,183.4058954566586,0,0,0.92807877115433414,237,True
1700014220000,716.993422061688738,535.806393,0.187,50610.66,181.187029061688738,0,0,0.9283006577938311262,238,True
1700014280000,710.451435365157155,535.806393,0.187,50610.66,174.645042365157155,0,0,0.9289548564634842845,239,True
1700014340000,702.75458131455281,535.806393,0.187,50610.66,166.94818831455281,0,0,0.929724541868544719,240,True
1700014400000,694.869618913721932,535.806393,0.187,50610.66,159.063225913721932,0,0,0.9305130381086278068,241,True
1700014460000,696.98675875562449,535.806393,0.187,50610.66,161.18036575562449,0,0,0.930301324124437551,242,True
1700014520000,696.19329272362497,535.806393,0.187,50610.66,160.38689972362497,0,0,0.930380670727637503,243,True
1700014580000,682.71459212429342,535.806393,0.187,50610.66,146.90819912429342,0,0,0.931728540787570658,244,True
1700014640000,676.19668614532068,535.806393,0.187,50610.66,140.39029314532068,0,0,0.932380331385467932,245,True
1700014700000,673.76677703658786,535.806393,0.187,50610.66,137.96038403658786,0,0,0.932623322296341214,246,True
1700014760000,683.596438418629328,535.806393,0.187,50610.66,147.790045418629328,0,0,0.9316403561581370672,247,True
1700014820000,672.690382985945235,535.806393,0.187,50610.66,136.883989985945235,0,0,0.9327309617014054765,248,True
1700014880000,670.53101811326742,535.806393,0.187,50610.66,134.72462511326742,0,0,0.932946898188673258,249,True
1700014940000,653.90285478810821,535.806393,0.187,50610.66,118.09646178810821,0,0,0.934609714521189179,250,True
1700015000000,650.165628920752372,535.806393,0.187,50610.66,114.359235920752372,0,0,0.9349834371079247628,251,True
1700015060000,652.352492033072698,535.806393,0.187,50610.66,116.546099033072698,0,0,0.9347647507966927302,252,True
1700015120000,637.66836656691851,535.806393,0.187,50610.66,101.86197356691851,0,0,0.936233163343308149,253,True
1700015180000,635.47737030241124,535.806393,0.187,50610.66,99.67097730241124,0,0,0.936452262969758876,254,True
1700015240000,629.979619453077035,535.806393,0.187,50610.66,94.173226453077035,0,0,0.9370020380546922965,255,True
1700015300000,622.17582870450261,535.806393,0.187,50610.66,86.36943570450261,0,0,0.937782417129549739,256,True
1700015360000,635.15179472665295,535.806393,0.187,50610.66,99.34540172665295,0,0,0.936484820527334705,257,True
1700015420000,622.52645388519884,535.806393,0.187,50610.66,86.72006088519884,0,0,0.937747354611480116,258,True
1700015480000,622.59302432415837,535.806393,0.187,50610.66,86.78663132415837,0,0,0.937740697567584163,259,True
1700015540000,606.27848009726174,535.806393,0.187,50610.66,70.47208709726174,0,0,0.939372151990273826,260,True
1700015600000,617.69127532619596,535.806393,0.187,50610.66,81.88488232619596,0,0,0.938230872467380404,261,True
1700015660000,602.7090436060143,535.806393,0.187,50610.66,66.9026506060143,0,0,0.93972909563939857,262,True
1700015720000,594.19468863268383,535.806393,0.187,50610.66,58.38829563268383,0,0,0.940580531136731617,263,True
1700015780000,603.27825479780167,535.806393,0.187,50610.66,67.47186179780167,0,0,0.939672174520219833,264,True
1700015840000,596.23381037035366,535.806393,0.187,50610.66,60.42741737035366,0,0,0.940376618962964634,265,True
1700015900000,599.86536011699936,535.806393,0.187,50610.66,64.05896711699936,0,0,0.940013463988300064,266,True
1700015960000,588.11985579248551,535.806393,0.187,50610.66,52.31346279248551,0,0,0.941188014420751449,267,True
1700016020000,594.50673139985293,535.806393,0.187,50610.66,58.70033839985293,0,0,0.940549326860014707,268,True
1700016080000,589.17157019591685,535.806393,0.187,50610.66,53.36517719591685,0,0,0.941082842980408315,269,True
1700016140000,583.025579412719145,535.806393,0.187,50610.66,47.219186412719145,0,0,0.9416974420587280855,270,True
1700016200000,588.85370806352718,535.806393,0.187,50610.66,53.04731506352718,0,0,0.941114629193647282,271,True
1700016260000,577.02073470852702,535.806393,0.187,50610.66,41.21434170852702,0,0,0.942297926529147298,272,True
1700016320000,584.80955680737811,535.806393,0.187,50610.66,49.00316380737811,0,0,0.941519044319262189,273,True
1700016380000,587.78545775951563,535.806393,0.187,50610.66,51.97906475951563,0,0,0.941221454224048437,274,True
1700016440000,576.29534078730923,535.806393,0.187,50610.66,40.48894778730923,0,0,0.942370465921269077,275,True
1700016500000,588.77951737843855,535.806393,0.187,50610.66,52.97312437843855,0,0,0.941122048262156145,276,True
1700016560000,584.45575646911861,535.806393,0.187,50610.66,48.64936346911861,0,0,0.941554424353088139,277,True
1700016620000,579.21382652339845,535.806393,0.187,50610.66,43.40743352339845,0,0,0.942078617347660155,278,True
1700016680000,587.81024111245107,535.806393,0.187,50610.66,52.00384811245107,0,0,0.941218975888754893,279,True
1700016740000,600.89700210617067,535.806393,0.187,50610.66,65.09060910617067,0,0,0.939910299789382933,280,True
1700016800000,585.90369264860456,535.806393,0.187,50610.66,50.09729964860456,0,0,0.941409630735139544,281,True
1700016860000,599.55708291137825,535.806393,0.187,50610.66,63.75068991137825,0,0,0.940044291708862175,282,True
1700016920000,599.447972582520775,535.806393,0.187,50610.66,63.641579582520775,0,0,0.9400552027417479225,283,True
1700016980000,603.46948536760084,535.806393,0.187,50610.66,67.66309236760084,0,0,0.939653051463239916,284,True
1700017040000,617.40945041285874,535.806393,0.187,50610.66,81.60305741285874,0,0,0.938259054958714126,285,True
1700017100000,614.261240606592028,535.806393,0.187,50610.66,78.454847606592028,0,0,0.9385738759393407972,286,True
1700017160000,619.12506554403814,535.806393,0.187,50610.66,83.31867254403814,0,0,0.938087493445596186,287,True
1700017220000,622.94961756942894,535.806393,0.187,50610.66,87.14322456942894,0,0,0.937705038243057106,288,True
1700017280000,635.423231471129738,535.806393,0.187,50610.66,99.616838471129738,0,0,0.9364576768528870262,289,True
1700017340000,624.55264447494238,535.806393,0.187,50610.66,88.74625147494238,0,0,0.937544735552505762,290,True
1700017400000,646.826198942295272,535.806393,0.187,50610.66,111.019805942295272,0,0,0.9353173801057704728,291,True
1700017460000,646.84324032354863,535.806393,0.187,50610.66,111.03684732354863,0,0,0.935315675967645137,292,True
1700017520000,654.67181116667793,535.806393,0.187,50610.66,118.86541816667793,0,0,0.934532818883332207,293,True
1700017580000,660.34827186597776,535.806393,0.187,50610.66,124.54187886597776,0,0,0.933965172813402224,294,True
1700017640000,653.33739326753635,535.806393,0.187,50610.66,117.53100026753635,0,0,0.934666260673246365,295,True
1700017700000,661.927918446059198,535.806393,0.187,50610.66,126.121525446059198,0,0,0.9338072081553940802,296,True
1700017760000,670.03529682151613,535.806393,0.187,50610.66,134.22890382151613,0,0,0.932996470317848387,297,True
1700017820000,684.04698348336197,535.806393,0.187,50610.66,148.24059048336197,0,0,0.931595301651663803,298,True
1700017880000,682.23746737847603,535.806393,0.187,50610.66,146.43107437847603,0,0,0.931776253262152397,299,True
1700017940000,689.722254563441978,535.806393,0.187,50610.66,153.915861563441978,0,0,0.9310277745436558022,300,True
1700018000000,708.15088866611057,535.806393,0.187,50610.66,172.34449566611057,0,0,0.929184911133388943,301,True
1700018060000,706.79498809036327,535.806393,0.187,50610.66,170.98859509036327,0,0,0.929320501190963673,302,True
1700018120000,712.6876662508217,535.806393,0.187,50610.66,176.8812732508217,0,0,0.92873123337491783,303,True
1700018180000,720.070215623727,535.806393,0.187,50610.66,184.263822623727,0,0,0.9279929784376273,304,True
1700018240000,723.79194135695723,535.806393,0.187,50610.66,187.98554835695723,0,0,0.927620805864304277,305,True
1700018300000,741.74534176146141,535.806393,0.187,50610.66,205.93894876146141,0,0,0.925825465823853859,306,True
1700018360000,749.20916937215405,535.806393,0.187,50610.66,213.40277637215405,0,0,0.925079083062784595,307,True
1700018420000,744.143509705265548,535.806393,0.187,50610.66,208.337116705265548,0,0,0.9255856490294734452,308,True
1700018480000,755.403465692877572,535.806393,0.187,50610.66,219.597072692877572,0,0,0.9244596534307122428,309,True
1700018540000,752.88180553034065,535.806393,0.187,50610.66,217.07541253034065,0,0,0.924711819446965935,310,True
1700018600000,774.43959669139361,535.806393,0.187,50610.66,238.63320369139361,0,0,0.922556040330860639,311,True
1700018660000,771.70479802893566,535.806393,0.187,50610.66,235.89840502893566,0,0,0.922829520197106434,312,True
1700018720000,770.81689298646121,535.806393,0.187,50610.66,235.01049998646121,0,0,0.922918310701353879,313,True
1700018780000,775.10626296081397,535.806393,0.187,50610.66,239.29986996081397,0,0,0.922489373703918603,314,True
1700018840000,781.72561742694101,535.806393,0.187,50610.66,245.91922442694101,0,0,0.921827438257305899,315,True
1700018900000,799.254545417430838,535.806393,0.187,50610.66,263.448152417430838,0,0,0.9200745454582569162,316,True
1700018960000,799.84133600751183,535.806393,0.187,50610.66,264.03494300751183,0,0,0.920015866399248817,317,True
1700019020000,793.642921832078955,535.806393,0.187,50610.66,257.836528832078955,0,0,0.9206357078167921045,318,True
1700019080000,795.011900065658142,535.806393,0.187,50610.66,259.205507065658142,0,0,0.9204988099934341858,319,True
1700019140000,797.504463912363602,535.806393,0.187,50610.66,261.698070912363602,0,0,0.9202495536087636398,320,True
1700019200000,804.82353343497095,535.806393,0.187,50610.66,269.01714043497095,0,0,0.919517646656502905,321,True
1700019260000,809.5375827083335,535.806393,0.187,50610.66,273.7311897083335,0,0,0.91904624172916665,322,True
1700019320000,810.97232573891491,535.806393,0.187,50610.66,275.16593273891491,0,0,0.918902767426108509,323,True
1700019380000,819.31085271736581,535.806393,0.187,50610.66,283.50445971736581,0,0,0.918068914728263419,324,True
1700019440000,822.18280588170233,535.806393,0.187,50610.66,286.37641288170233,0,0,0.917781719411829767,325,True
1700019500000,817.53439965476786,535.806393,0.187,50610.66,281.72800665476786,0,0,0.918246560034523214,326,True
1700019560000,820.20787144999352,535.806393,0.187,50610.66,284.40147844999352,0,0,0.917979212855000648,327,True
1700019620000,828.03296331456702,535.806393,0.187,50610.66,292.22657031456702,0,0,0.917196703668543298,328,True
1700019680000,824.44722910098913,535.806393,0.187,50610.66,288.64083610098913,0,0,0.917555277089901087,329,True
1700019740000,817.98917087202382,535.806393,0.187,50610.66,282.18277787202382,0,0,0.918201082912797618,330,True
1700019800000,813.46924875404233,535.806393,0.187,50610.66,277.66285575404233,0,0,0.918653075124595767,331,True
1700019860000,812.14264571218043,535.806393,0.187,50610.66,276.33625271218043,0,0,0.918785735428781957,332,True
1700019920000,822.851541330513848,535.806393,0.187,50610.66,287.045148330513848,0,0,0.9177148458669486152,333,True
1700019980000,818.892313336376355,535.806393,0.187,50610.66,283.085920336376355,0,0,0.9181107686663623645,334,True
1700020040000,821.13448937009623,535.806393,0.187,50610.66,285.32809637009623,0,0,0.917886551062990377,335,True
1700020100000,811.04797986126344,535.806393,0.187,50610.66,275.24158686126344,0,0,0.918895202013873656,336,True
1700020160000,810.84384742045433,535.806393,0.187,50610.66,275.03745442045433,0,0,0.918915615257954567,337,True
1700020220000,796.57852672897687,535.806393,0.187,50610.66,260.77213372897687,0,0,0.920342147327102313,338,True
1700020280000,809.49974917916677,535.806393,0.187,50610.66,273.69335617916677,0,0,0.919050025082083323,339,True
1700020340000,790.70521540134422,535.806393,0.187,50610.66,254.89882240134422,0,0,0.920929478459865578,340,True
1700020400000,795.51709756797191,535.806393,0.187,50610.66,259.71070456797191,0,0,0.920448290243202809,341,True
1700020460000,786.5527100148431,535.806393,0.187,50610.66,250.7463170148431,0,0,0.92134472899851569,342,True
1700020520000,793.449544504914615,535.806393,0.187,50610.66,257.643151504914615,0,0,0.9206550455495085385,343,True
1700020580000,789.890237950791482,535.806393,0.187,50610.66,254.083844950791482,0,0,0.9210109762049208518,344,True
1700020640000,773.08347871205309,535.806393,0.187,50610.66,237.27708571205309,0,0,0.922691652128794691,345,True
1700020700000,769.72625490910557,535.806393,0.187,50610.66,233.91986190910557,0,0,0.923027374509089443,346,True
1700020760000,771.90535643104423,535.806393,0.187,50610.66,236.09896343104423,0,0,0.922809464356895577,347,True
1700020820000,766.23816929963832,535.806393,0.187,50610.66,230.43177629963832,0,0,0.923376183070036168,348,True
1700020880000,759.478758056181998,535.806393,0.187,50610.66,223.672365056181998,0,0,0.9240521241943818002,349,True
1700020940000,755.46149815235936,535.806393,0.187,50610.66,219.65510515235936,0,0,0.924453850184764064,350,True
1700021000000,749.53546760258871,535.806393,0.187,50610.66,213.72907460258871,0,0,0.925046453239741129,351,True
1700021060000,735.22286749617234,535.806393,0.187,50610.66,199.41647449617234,0,0,0.926477713250382766,352,True
1700021120000,735.69702689687249,535.806393,0.187,50610.66,199.89063389687249,0,0,0.926430297310312751,353,True
1700021180000,740.37213964730886,535.806393,0.187,50610.66,204.56574664730886,0,0,0.925962786035269114,354,True
1700021240000,737.48383505897673,535.806393,0.187,50610.66,201.67744205897673,0,0,0.926251616494102327,355,True
1700021300000,723.30245354680534,535.806393,0.187,50610.66,187.49606054680534,0,0,0.927669754645319466,356,True
1700021360000,727.281825105773508,535.806393,0.187,50610.66,191.475432105773508,0,0,0.9272718174894226492,357,True
1700021420000,718.27950001879336,535.806393,0.187,50610.66,182.47310701879336,0,0,0.928172049998120664,358,True
1700021480000,712.55037976838981,535.806393,0.187,50610.66,176.74398676838981,0,0,0.928744962023161019,359,True
1700021540000,700.9929830211681,535.806393,0.187,50610.66,165.1865900211681,0,0,0.92990070169788319,360,True
1700021600000,700.92941160252704,535.806393,0.187,50610.66,165.12301860252704,0,0,0.929907058839747296,361,True
1700021660000,699.874120537967935,535.806393,0.187,50610.66,164.067727537967935,0,0,0.9300125879462032065,362,True
1700021720000,687.12099775846198,535.806393,0.187,50610.66,151.31460475846198,0,0,0.931287900224153802,363,True
1700021780000,684.886942205497965,535.806393,0.187,50610.66,149.080549205497965,0,0,0.9315113057794502035,364,True
1700021840000,684.1054824594044,535.806393,0.187,50610.66,148.2990894594044,0,0,0.93158945175405956,365,True
1700021900000,690.88570560223545,535.806393,0.187,50610.66,155.07931260223545,0,0,0.930911429439776455,366,True
1700021960000,682.70198756360921,535.806393,0.187,50610.66,146.89559456360921,0,0,0.931729801243639079,367,True
1700022020000,679.27727857554126,535.806393,0.187,50610.66,143.47088557554126,0,0,0.932072272142445874,368,True
1700022080000,686.59346795116749,535.806393,0.187,50610.66,150.78707495116749,0,0,0.931340653204883251,369,True
1700022140000,679.49787877590334,535.806393,0.187,50610.66,143.69148577590334,0,0,0.932050212122409666,370,True
1700022200000,680.75243757585934,535.806393,0.187,50610.66,144.94604457585934,0,0,0.931924756242414066,371,True
1700022260000,676.2111525158593,535.806393,0.187,50610.66,140.4047595158593,0,0,0.93237888474841407,372,True
1700022320000,676.7085192115093,535.806393,0.187,50610.66,140.9021262115093,0,0,0.93232914807884907,373,True
1700022380000,681.643497297398965,535.806393,0.187,50610.66,145.837104297398965,0,0,0.9318356502702601035,374,True
1700022440000,671.025745124803958,535.806393,0.187,50610.66,135.219352124803958,0,0,0.9328974254875196042,375,True
1700022500000,676.46717229290464,535.806393,0.187,50610.66,140.66077929290464,0,0,0.932353282770709536,376,True
1700022560000,677.765592863681178,535.806393,0.187,50610.66,141.959199863681178,0,0,0.9322234407136318822,377,True
1700022620000,673.42102151045052,535.806393,0.187,50610.66,137.61462851045052,0,0,0.932657897848954948,378,True
1700022680000,680.03390189230706,535.806393,0.187,50610.66,144.22750889230706,0,0,0.931996609810769294,379,True
1700022740000,680.77128632729448,535.806393,0.187,50610.66,144.96489332729448,0,0,0.931922871367270552,380,True
1700022800000,689.25646360130627,535.806393,0.187,50610.66,153.45007060130627,0,0,0.931074353639869373,381,True
1700022860000,694.88257746121435,535.806393,0.187,50610.66,159.07618446121435,0,0,0.930511742253878565,382,True
1700022920000,689.51556422585145,535.806393,0.187,50610.66,153.70917122585145,0,0,0.931048443577414855,383,True
1700022980000,690.310863645869718,535.806393,0.187,50610.66,154.504470645869718,0,0,0.9309689136354130282,384,True
1700023040000,695.8307765780238,535.806393,0.187,50610.66,160.0243835780238,0,0,0.93041692234219762,385,True
1700023100000,703.10285356471403,535.806393,0.187,50610.66,167.29646056471403,0,0,0.929689714643528597,386,True
1700023160000,708.85112427179172,535.806393,0.187,50610.66,173.04473127179172,0,0,0.929114887572820828,387,True
1700023220000,715.51627749913422,535.806393,0.187,50610.66,179.70988449913422,0,0,0.928448372250086578,388,True
1700023280000,723.286502270717538,535.806393,0.187,50610.66,187.480109270717538,0,0,0.9276713497729282462,389,True
1700023340000,725.808759584817028,535.806393,0.187,50610.66,190.002366584817028,0,0,0.9274191240415182972,390,True
1700023400000,735.024326962439095,535.806393,0.187,50610.66,199.217933962439095,0,0,0.9264975673037560905,391,True
1700023460000,745.1806667547362,535.806393,0.187,50610.66,209.3742737547362,0,0,0.92548193332452638,392,True
1700023520000,746.24750513403938,535.806393,0.187,50610.66,210.44111213403938,0,0,0.925375249486596062,393,True
1700023580000,750.212506729011985,535.806393,0.187,50610.66,214.406113729011985,0,0,0.9249787493270988015,394,True
1700023640000,760.74493011620412,535.806393,0.187,50610.66,224.93853711620412,0,0,0.923925506988379588,395,True
1700023700000,758.3600039394895,535.806393,0.187,50610.66,222.5536109394895,0,0,0.92416399960605105,396,True
1700023760000,766.471776086607612,535.806393,0.187,50610.66,230.665383086607612,0,0,0.9233528223913392388,397,True
1700023820000,773.195638594115428,535.806393,0.187,50610.66,237.389245594115428,0,0,0.9226804361405884572,398,True
1700023880000,782.27640134270364,535.806393,0.187,50610.66,246.47000834270364,0,0,0.921772359865729636,399,True
1700023940000,793.80392723696428,535.806393,0.187,50610.66,257.99753423696428,0,0,0.920619607276303572,400,True
1700024000000,788.17681372876073,535.806393,0.187,50610.66,252.37042072876073,0,0,0.921182318627123927,401,True
1700024060000,810.55049694249731,535.806393,0.187,50610.66,274.74410394249731,0,0,0.918944950305750269,402,True
1700024120000,804.23504107199474,535.806393,0.187,50610.66,268.42864807199474,0,0,0.919576495892800526,403,True
1700024180000,809.45375398288501,535.806393,0.187,50610.66,273.64736098288501,0,0,0.919054624601711499,404,True
1700024240000,826.351496113467675,535.806393,0.187,50610.66,290.545103113467675,0,0,0.9173648503886532325,405,True
1700024300000,833.077898364478898,535.806393,0.187,50610.66,297.271505364478898,0,0,0.9166922101635521102,406,True
1700024360000,840.042265082721722,535.806393,0.187,50610.66,304.235872082721722,0,0,0.9159957734917278278,407,True
1700024420000,850.31822761477714,535.806393,0.187,50610.66,314.51183461477714,0,0,0.914968177238522286,408,True
1700024480000,839.82321227041106,535.806393,0.187,50610.66,304.01681927041106,0,0,0.916017678772958894,409,True
1700024540000,856.397024682852432,535.806393,0.187,50610.66,320.590631682852432,0,0,0.9143602975317147568,410,True
1700024600000,851.427904376586998,535.806393,0.187,50610.66,315.621511376586998,0,0,0.9148572095623413002,411,True
1700024660000,874.000010026296548,535.806393,0.187,50610.66,338.193617026296548,0,0,0.9125999989973703452,412,True
1700024720000,872.99537485898772,535.806393,0.187,50610.66,337.18898185898772,0,0,0.912700462514101228,413,True
1700024780000,877.280139923767172,535.806393,0.187,50610.66,341.473746923767172,0,0,0.9122719860076232828,414,True
1700024840000,887.72553074148912,535.806393,0.187,50610.66,351.91913774148912,0,0,0.911227446925851088,415,True
1700024900000,890.420695616823975,535.806393,0.187,50610.66,354.614302616823975,0,0,0.9109579304383176025,416,True
1700024960000,891.7009539262406,535.806393,0.187,50610.66,355.8945609262406,0,0,0.91082990460737594,417,True
1700025020000,890.51390691894874,535.806393,0.187,50610.66,354.70751391894874,0,0,0.910948609308105126,418,True
1700025080000,893.256524670358925,535.806393,0.187,50610.66,357.450131670358925,0,0,0.9106743475329641075,419,True
1700025140000,904.25348092250909,535.806393,0.187,50610.66,368.44708792250909,0,0,0.909574651907749091,420,True
1700025200000,911.42185466566851,535.806393,0.187,50610.66,375.61546166566851,0,0,0.908857814533433149,421,True
1700025260000,913.6157894862415,535.806393,0.187,50610.66,377.8093964862415,0,0,0.90863842105137585,422,True
1700025320000,916.724516699878765,535.806393,0.187,50610.66,380.918123699878765,0,0,0.9083275483300121235,423,True
1700025380000,907.91752390877682,535.806393,0.187,50610.66,372.11113090877682,0,0,0.909208247609122318,424,True
1700025440000,916.25290385784915,535.806393,0.187,50610.66,380.44651085784915,0,0,0.908374709614215085,425,True
1700025500000,916.49666968385571,535.806393,0.187,50610.66,380.69027668385571,0,0,0.908350333031614429,426,True
1700025560000,904.48113567747321,535.806393,0.187,50610.66,368.67474267747321,0,0,0.909551886432252679,427,True
1700025620000,915.756406219353918,535.806393,0.187,50610.66,379.950013219353918,0,0,0.9084243593780646082,428,True
1700025680000,920.49722895997549,535.806393,0.187,50610.66,384.69083595997549,0,0,0.907950277104002451,429,True
1700025740000,920.963812342480345,535.806393,0.187,50610.66,385.157419342480345,0,0,0.9079036187657519655,430,True
1700025800000,911.411429758864,535.806393,0.187,50610.66,375.605036758864,0,0,0.9088588570241136,431,True
1700025860000,909.64903395238225,535.806393,0.187,50610.66,373.84264095238225,0,0,0.909035096604761775,432,True
1700025920000,909.147525456737038,535.806393,0.187,50610.66,373.341132456737038,0,0,0.9090852474543262962,433,True
1700025980000,910.88960118717716,535.806393,0.187,50610.66,375.08320818717716,0,0,0.908911039881282284,434,True
1700026040000,901.36568886159467,535.806393,0.187,50610.66,365.55929586159467,0,0,0.909863431113840533,435,True
1700026100000,907.84220707729979,535.806393,0.187,50610.66,372.03581407729979,0,0,0.909215779292270021,436,True
1700026160000,901.64611557849379,535.806393,0.187,50610.66,365.83972257849379,0,0,0.909835388442150621,437,True
1700026220000,896.54892257301097,535.806393,0.187,50610.66,360.74252957301097,0,0,0.910345107742698903,438,True
1700026280000,899.838617317950122,535.806393,0.187,50610.66,364.032224317950122,0,0,0.9100161382682049878,439,True
1700026340000,893.32864871435868,535.806393,0.187,50610.66,357.52225571435868,0,0,0.910667135128564132,440,True
1700026400000,883.40728475703452,535.806393,0.187,50610.66,347.60089175703452,0,0,0.911659271524296548,441,True
1700026460000,878.00423826556805,535.806393,0.187,50610.66,342.19784526556805,0,0,0.912199576173443195,442,True
1700026520000,870.60677628486002,535.806393,0.187,50610.66,334.80038328486002,0,0,0.912939322371513998,443,True
1700026580000,878.209813789497518,535.806393,0.187,50610.66,342.403420789497518,0,0,0.9121790186210502482,444,True
1700026640000,867.686296514443262,535.806393,0.187,50610.66,331.879903514443262,0,0,0.9132313703485556738,445,True
1700026700000,857.74643802224972,535.806393,0.187,50610.66,321.94004502224972,0,0,0.914225356197775028,446,True
1700026760000,857.86956585472506,535.806393,0.187,50610.66,322.06317285472506,0,0,0.914213043414527494,447,True
1700026820000,851.88964973584869,535.806393,0.187,50610.66,316.08325673584869,0,0,0.914811035026415131,448,True
1700026880000,851.78919815594573,535.806393,0.187,50610.66,315.98280515594573,0,0,0.914821080184405427,449,True
1700026940000,840.01325444356948,535.806393,0.187,50610.66,304.20686144356948,0,0,0.915998674555643052,450,True
1700027000000,833.9365079261776,535.806393,0.187,50610.66,298.1301149261776,0,0,0.91660634920738224,451,True
1700027060000,828.32794443952158,535.806393,0.187,50610.66,292.52155143952158,0,0,0.917167205556047842,452,True
1700027120000,827.510567734015538,535.806393,0.187,50610.66,291.704174734015538,0,0,0.9172489432265984462,453,True
1700027180000,829.856074909756982,535.806393,0.187,50610.66,294.049681909756982,0,0,0.9170143925090243018,454,True
1700027240000,824.353760616849,535.806393,0.187,50610.66,288.547367616849,0,0,0.9175646239383151,455,True
1700027300000,814.07427636744276,535.806393,0.187,50610.66,278.26788336744276,0,0,0.918592572363255724,456,True
1700027360000,812.40272050212155,535.806393,0.187,50610.66,276.59632750212155,0,0,0.918759727949787845,457,True
1700027420000,809.49667968953642,535.806393,0.187,50610.66,273.69028668953642,0,0,0.919050332031046358,458,True
1700027480000,795.9439025868824,535.806393,0.187,50610.66,260.1375095868824,0,0,0.92040560974131176,459,True
1700027540000,803.85804165626851,535.806393,0.187,50610.66,268.05164865626851,0,0,0.919614195834373149,460,True
1700027600000,793.2829112033682,535.806393,0.187,50610.66,257.4765182033682,0,0,0.92067170887966318,461,True
1700027660000,792.323817126021465,535.806393,0.187,50610.66,256.517424126021465,0,0,0.9207676182873978535,462,True
1700027720000,791.39488365244165,535.806393,0.187,50610.66,255.58849065244165,0,0,0.920860511634755835,463,True
1700027780000,787.856324883015365,535.806393,0.187,50610.66,252.049931883015365,0,0,0.9212143675116984635,464,True
1700027840000,789.69564384983251,535.806393,0.187,50610.66,253.88925084983251,0,0,0.921030435615016749,465,True
1700027900000,783.11405750662272,535.806393,0.187,50610.66,247.30766450662272,0,0,0.921688594249337728,466,True
1700027960000,784.10825194228121,535.806393,0.187,50610.66,248.30185894228121,0,0,0.921589174805771879,467,True
1700028020000,784.305334242218425,535.806393,0.187,50610.66,248.498941242218425,0,0,0.9215694665757781575,468,True
1700028080000,777.14584138173995,535.806393,0.187,50610.66,241.33944838173995,0,0,0.922285415861826005,469,True
1700028140000,773.99482933712776,535.806393,0.187,50610.66,238.18843633712776,0,0,0.922600517066287224,470,True
1700028200000,771.75344208170968,535.806393,0.187,50610.66,235.94704908170968,0,0,0.922824655791829032,471,True
1700028260000,775.78976054490978,535.806393,0.187,50610.66,239.98336754490978,0,0,0.922421023945509022,472,True
1700028320000,766.90144058262252,535.806393,0.187,50610.66,231.09504758262252,0,0,0.923309855941737748,473,True
1700028380000,772.52360754995493,535.806393,0.187,50610.66,236.71721454995493,0,0,0.922747639245004507,474,True
1700028440000,778.69339084956079,535.806393,0.187,50610.66,242.88699784956079,0,0,0.922130660915043921,475,True
1700028500000,772.855193076005412,535.806393,0.187,50610.66,237.048800076005412,0,0,0.9227144806923994588,476,True
1700028560000,769.76834156527559,535.806393,0.187,50610.66,233.96194856527559,0,0,0.923023165843472441,477,True
1700028620000,772.90510821552128,535.806393,0.187,50610.66,237.09871521552128,0,0,0.922709489178447872,478,True
1700028680000,776.05596078916269,535.806393,0.187,50610.66,240.24956778916269,0,0,0.922394403921083731,479,True
1700028740000,788.25628864758403,535.806393,0.187,50610.66,252.44989564758403,0,0,0.921174371135241597,480,True
1700028800000,781.998171080004515,535.806393,0.187,50610.66,246.191778080004515,0,0,0.9218001828919995485,481,True
1700028860000,783.1944431865509,535.806393,0.187,50610.66,247.3880501865509,0,0,0.92168055568134491,482,True
1700028920000,781.048458705896325,535.806393,0.187,50610.66,245.242065705896325,0,0,0.9218951541294103675,483,True
1700028980000,794.680510064742058,535.806393,0.187,50610.66,258.874117064742058,0,0,0.9205319489935257942,484,True
1700029040000,804.391146847387868,535.806393,0.187,50610.66,268.584753847387868,0,0,0.9195608853152612132,485,True
1700029100000,801.62292898058427,535.806393,0.187,50610.66,265.81653598058427,0,0,0.919837707101941573,486,True
1700029160000,801.05228056069217,535.806393,0.187,50610.66,265.24588756069217,0,0,0.919894771943930783,487,True
1700029220000,815.28355828621714,535.806393,0.187,50610.66,279.47716528621714,0,0,0.918471644171378286,488,True
1700029280000,818.99570035029308,535.806393,0.187,50610.66,283.18930735029308,0,0,0.918100429964970692,489,True
1700029340000,827.38284304158385,535.806393,0.187,50610.66,291.57645004158385,0,0,0.917261715695841615,490,True
1700029400000,819.70719074060158,535.806393,0.187,50610.66,283.90079774060158,0,0,0.918029280925939842,491,True
1700029460000,826.20636881462274,535.806393,0.187,50610.66,290.39997581462274,0,0,0.917379363118537726,492,True
1700029520000,838.97659886655638,535.806393,0.187,50610.66,303.17020586655638,0,0,0.916102340113344362,493,True
1700029580000,850.43357607511898,535.806393,0.187,50610.66,314.62718307511898,0,0,0.914956642392488102,494,True
1700029640000,855.55910599307116,535.806393,0.187,50610.66,319.75271299307116,0,0,0.914444089400692884,495,True
1700029700000,848.20589345443689,535.806393,0.187,50610.66,312.39950045443689,0,0,0.915179410654556311,496,True
1700029760000,858.599123020980252,535.806393,0.187,50610.66,322.792730020980252,0,0,0.9141400876979019748,497,True
1700029820000,871.207132094912128,535.806393,0.187,50610.66,335.400739094912128,0,0,0.9128792867905087872,498,True
1700029880000,876.640514863252765,535.806393,0.187,50610.66,340.834121863252765,0,0,0.9123359485136747235,499,True
1700029940000,875.040004425152642,535.806393,0.187,50610.66,339.233611425152642,0,0,0.9124959995574847358,500,True
1700030000000,892.67393622226997,535.806393,0.187,50610.66,356.86754322226997,0,0,0.910732606377773003,501,True
1700030060000,903.42709811571141,535.806393,0.187,50610.66,367.62070511571141,0,0,0.909657290188428859,502,True
1700030120000,896.95049741159666,535.806393,0.187,50610.66,361.14410441159666,0,0,0.910304950258840334,503,True
1700030180000,914.808100347786622,535.806393,0.187,50610.66,379.001707347786622,0,0,0.9085191899652213378,504,True
1700030240000,917.67230297082198,535.806393,0.187,50610.66,381.86590997082198,0,0,0.908232769702917802,505,True
1700030300000,921.02794349736886,535.806393,0.187,50610.66,385.22155049736886,0,0,0.907897205650263114,506,True
1700030360000,938.464455880898308,535.806393,0.187,50610.66,402.658062880898308,0,0,0.9061535544119101692,507,True
1700030420000,942.47092234662335,535.806393,0.187,50610.66,406.66452934662335,0,0,0.905752907765337665,508,True
1700030480000,948.58651233700927,535.806393,0.187,50610.66,412.78011933700927,0,0,0.905141348766299073,509,True
1700030540000,956.03508647981852,535.806393,0.187,50610.66,420.22869347981852,0,0,0.904396491352018148,510,True
1700030600000,944.72789461624982,535.806393,0.187,50610.66,408.92150161624982,0,0,0.905527210538375018,511,True
1700030660000,949.965814763595508,535.806393,0.187,50610.66,414.159421763595508,0,0,0.9050034185236404492,512,True
1700030720000,967.70058674232791,535.806393,0.187,50610.66,431.89419374232791,0,0,0.903229941325767209,513,True
1700030780000,970.71572833076238,535.806393,0.187,50610.66,434.90933533076238,0,0,0.902928427166923762,514,True
1700030840000,965.101410322458815,535.806393,0.187,50610.66,429.295017322458815,0,0,0.9034898589677541185,515,True
1700030900000,979.944780484403282,535.806393,0.187,50610.66,444.138387484403282,0,0,0.9020055219515596718,516,True
1700030960000,989.38392322192347,535.806393,0.187,50610.66,453.57753022192347,0,0,0.901061607677807653,517,True
1700031020000,987.353383920198822,535.806393,0.187,50610.66,451.546990920198822,0,0,0.9012646616079801178,518,True
1700031080000,982.13761121454859,535.806393,0.187,50610.66,446.33121821454859,0,0,0.901786238878545141,519,True
1700031140000,985.72721743953667,535.806393,0.187,50610.66,449.92082443953667,0,0,0.901427278256046333,520,True
1700031200000,997.04870484790418,535.806393,0.187,50610.66,461.24231184790418,0,0,0.900295129515209582,521,True
1700031260000,1005.52410612091109,535.806393,0.187,50610.66,469.71771312091109,0,0,0.899447589387908891,522,True
1700031320000,994.65190900459352,535.806393,0.187,50610.66,458.84551600459352,0,0,0.900534809099540648,523,True
1700031380000,1012.68654737361882,535.806393,0.187,50610.66,476.88015437361882,0,0,0.898731345262638118,524,True
1700031440000,1005.580562098966545,535.806393,0.187,50610.66,469.774169098966545,0,0,0.8994419437901033455,525,True
1700031500000,1014.90823448594504,535.806393,0.187,50610.66,479.10184148594504,0,0,0.898509176551405496,526,True
1700031560000,1002.463188561649792,535.806393,0.187,50610.66,466.656795561649792,0,0,0.8997536811438350208,527,True
1700031620000,1007.8800216595648,535.806393,0.187,50610.66,472.0736286595648,0,0,0.89921199783404352,528,True
1700031680000,1016.149281097765572,535.806393,0.187,50610.66,480.342888097765572,0,0,0.8983850718902234428,529,True
1700031740000,1002.237898830220458,535.806393,0.187,50610.66,466.431505830220458,0,0,0.8997762101169779542,530,True
1700031800000,998.69819984910185,535.806393,0.187,50610.66,462.89180684910185,0,0,0.900130180015089815,531,True
1700031860000,1001.02466083940805,535.806393,0.187,50610.66,465.21826783940805,0,0,0.899897533916059195,532,True
1700031920000,1012.04716116783434,535.806393,0.187,50610.66,476.24076816783434,0,0,0.898795283883216566,533,True
1700031980000,993.15496830471197,535.806393,0.187,50610.66,457.34857530471197,0,0,0.900684503169528803,534,True
1700032040000,994.293020018830575,535.806393,0.187,50610.66,458.486627018830575,0,0,0.9005706979981169425,535,True
1700032100000,1002.285748948741025,535.806393,0.187,50610.66,466.479355948741025,0,0,0.8997714251051258975,536,True
1700032160000,990.71393080884434,535.806393,0.187,50610.66,454.90753780884434,0,0,0.900928606919115566,537,True
1700032220000,987.691342765813652,535.806393,0.187,50610.66,451.884949765813652,0,0,0.9012308657234186348,538,True
1700032280000,995.727691998918878,535.806393,0.187,50610.66,459.921298998918878,0,0,0.9004272308001081122,539,True
1700032340000,978.18728954517957,535.806393,0.187,50610.66,442.38089654517957,0,0,0.902181271045482043,540,True
1700032400000,974.913797892562032,535.806393,0.187,50610.66,439.107404892562032,0,0,0.9025086202107437968,541,True
1700032460000,984.71683101783102,535.806393,0.187,50610.66,448.91043801783102,0,0,0.901528316898216898,542,True
1700032520000,965.88606138563837,535.806393,0.187,50610.66,430.07966838563837,0,0,0.903411393861436163,543,True
1700032580000,962.40592926895451,535.806393,0.187,50610.66,426.59953626895451,0,0,0.903759407073104549,544,True
1700032640000,968.80946023989238,535.806393,0.187,50610.66,433.00306723989238,0,0,0.903119053976010762,545,True
1700032700000,955.73660278315957,535.806393,0.187,50610.66,419.93020978315957,0,0,0.904426339721684043,546,True
1700032760000,947.44982939647294,535.806393,0.187,50610.66,411.64343639647294,0,0,0.905255017060352706,547,True
1700032820000,952.97716952583608,535.806393,0.187,50610.66,417.17077652583608,0,0,0.904702283047416392,548,True
1700032880000,954.397182472344335,535.806393,0.187,50610.66,418.590789472344335,0,0,0.9045602817527655665,549,True
1700032940000,939.09442771492591,535.806393,0.187,50610.66,403.28803471492591,0,0,0.906090557228507409,550,True
1700033000000,934.542354614531662,535.806393,0.187,50610.66,398.735961614531662,0,0,0.9065457645385468338,551,True
1700033060000,929.61424421566229,535.806393,0.187,50610.66,393.80785121566229,0,0,0.907038575578433771,552,True
1700033120000,933.37784746438035,535.806393,0.187,50610.66,397.57145446438035,0,0,0.906662215253561965,553,True
1700033180000,928.08589944582348,535.806393,0.187,50610.66,392.27950644582348,0,0,0.907191410055417652,554,True
1700033240000,912.15618518178628,535.806393,0.187,50610.66,376.34979218178628,0,0,0.908784381481821372,555,True
1700033300000,908.04610837729559,535.806393,0.187,50610.66,372.23971537729559,0,0,0.909195389162270441,556,True
1700033360000,914.002947031197825,535.806393,0.187,50610.66,378.196554031197825,0,0,0.9085997052968802175,557,True
1700033420000,898.1944158604867,535.806393,0.187,50610.66,362.3880228604867,0,0,0.91018055841395133,558,True
1700033480000,905.97698045226824,535.806393,0.187,50610.66,370.17058745226824,0,0,0.909402301954773176,559,True
1700033540000,891.92429440910225,535.806393,0.187,50610.66,356.11790140910225,0,0,0.910807570559089775,560,True
1700033600000,892.51540670394928,535.806393,0.187,50610.66,356.70901370394928,0,0,0.910748459329605072,561,True
1700033660000,893.4369056969597,535.806393,0.187,50610.66,357.6305126969597,0,0,0.91065630943030403,562,True
1700033720000,883.548985242289948,535.806393,0.187,50610.66,347.742592242289948,0,0,0.9116451014757710052,563,True
1700033780000,886.59398382810861,535.806393,0.187,50610.66,350.78759082810861,0,0,0.911340601617189139,564,True
1700033840000,870.9692407804871,535.806393,0.187,50610.66,335.1628477804871,0,0,0.91290307592195129,565,True
1700033900000,874.362842942643988,535.806393,0.187,50610.66,338.556449942643988,0,0,0.9125637157057356012,566,True
1700033960000,868.738684154036288,535.806393,0.187,50610.66,332.932291154036288,0,0,0.9131261315845963712,567,True
1700034020000,879.03284603893023,535.806393,0.187,50610.66,343.22645303893023,0,0,0.912096715396106977,568,True
1700034080000,874.66240146481593,535.806393,0.187,50610.66,338.85600846481593,0,0,0.912533759853518407,569,True
1700034140000,875.81454968408336,535.806393,0.187,50610.66,340.00815668408336,0,0,0.912418545031591664,570,True
1700034200000,864.83712475549885,535.806393,0.187,50610.66,329.03073175549885,0,0,0.913516287524450115,571,True
1700034260000,863.67418238273129,535.806393,0.187,50610.66,327.86778938273129,0,0,0.913632581761726871,572,True
1700034320000,860.48810922702607,535.806393,0.187,50610.66,324.68171622702607,0,0,0.913951189077297393,573,True
1700034380000,867.88625653465979,535.806393,0.187,50610.66,332.07986353465979,0,0,0.913211374346534021,574,True
1700034440000,873.23616214421269,535.806393,0.187,50610.66,337.42976914421269,0,0,0.912676383785578731,575,True
1700034500000,858.848557992272462,535.806393,0.187,50610.66,323.042164992272462,0,0,0.9141151442007727538,576,True
1700034560000,862.872409178839135,535.806393,0.187,50610.66,327.066016178839135,0,0,0.9137127590821160865,577,True
1700034620000,873.71279031759636,535.806393,0.187,50610.66,337.90639731759636,0,0,0.912628720968240364,578,True
1700034680000,872.8129037467696,535.806393,0.187,50610.66,337.0065107467696,0,0,0.91271870962532304,579,True
1700034740000,874.49347564005604,535.806393,0.187,50610.66,338.68708264005604,0,0,0.912550652435994396,580,True
1700034800000,874.71186391715457,535.806393,0.187,50610.66,338.90547091715457,0,0,0.912528813608284543,581,True
1700034860000,870.00715512731527,535.806393,0.187,50610.66,334.20076212731527,0,0,0.912999284487268473,582,True
1700034920000,882.068460284740035,535.806393,0.187,50610.66,346.262067284740035,0,0,0.9117931539715259965,583,True
1700034980000,878.08586764627433,535.806393,0.187,50610.66,342.27947464627433,0,0,0.912191413235372567,584,True
1700035040000,885.15556235598427,535.806393,0.187,50610.66,349.34916935598427,0,0,0.911484443764401573,585,True
1700035100000,889.15879048639127,535.806393,0.187,50610.66,353.35239748639127,0,0,0.911084120951360873,586,True
1700035160000,905.71119660519389,535.806393,0.187,50610.66,369.90480360519389,0,0,0.909428880339480611,587,True
1700035220000,896.112807705237,535.806393,0.187,50610.66,360.306414705237,0,0,0.9103887192294763,588,True
1700035280000,912.959986312866788,535.806393,0.187,50610.66,377.153593312866788,0,0,0.9087040013687133212,589,True
1700035340000,910.463461705828535,535.806393,0.187,50610.66,374.657068705828535,0,0,0.9089536538294171465,590,True
1700035400000,919.417001227425062,535.806393,0.187,50610.66,383.610608227425062,0,0,0.9080582998772574938,591,True
1700035460000,918.205111757535612,535.806393,0.187,50610.66,382.398718757535612,0,0,0.9081794888242464388,592,True
1700035520000,932.562157327653742,535.806393,0.187,50610.66,396.755764327653742,0,0,0.9067437842672346258,593,True
1700035580000,931.43000177477669,535.806393,0.187,50610.66,395.62360877477669,0,0,0.906856999822522331,594,True
1700035640000,949.279074351741715,535.806393,0.187,50610.66,413.472681351741715,0,0,0.9050720925648258285,595,True
1700035700000,949.70082411582478,535.806393,0.187,50610.66,413.89443111582478,0,0,0.905029917588417522,596,True
1700035760000,946.55838052301615,535.806393,0.187,50610.66,410.75198752301615,0,0,0.905344161947698385,597,True
1700035820000,959.883617058780468,535.806393,0.187,50610.66,424.077224058780468,0,0,0.9040116382941219532,598,True
1700035880000,975.969962828701235,535.806393,0.187,50610.66,440.163569828701235,0,0,0.9024030037171298765,599,True
1700035940000,982.55478202665719,535.806393,0.187,50610.66,446.74838902665719,0,0,0.901744521797334281,600,True
1700036000000,985.240891831490062,535.806393,0.187,50610.66,449.434498831490062,0,0,0.9014759108168509938,601,True
1700036060000,986.316542504730238,535.806393,0.187,50610.66,450.510149504730238,0,0,0.9013683457495269762,602,True
1700036120000,998.54844029818483,535.806393,0.187,50610.66,462.74204729818483,0,0,0.900145155970181517,603,True
1700036180000,1004.535372783865152,535.806393,0.187,50610.66,468.728979783865152,0,0,0.8995464627216134848,604,True
1700036240000,1004.583338735002465,535.806393,0.187,50610.66,468.776945735002465,0,0,0.8995416661264997535,605,True
1700036300000,1020.730081615457685,535.806393,0.187,50610.66,484.923688615457685,0,0,0.8979269918384542315,606,True
1700036360000,1031.44330661024093,535.806393,0.187,50610.66,495.63691361024093,0,0,0.896855669338975907,607,True
1700036420000,1024.424488353078658,535.806393,0.187,50610.66,488.618095353078658,0,0,0.8975575511646921342,608,True
1700036480000,1029.610302354503,535.806393,0.187,50610.66,493.803909354503,0,0,0.8970389697645497,609,True
1700036540000,1044.48666564235995,535.806393,0.187,50610.66,508.68027264235995,0,0,0.895551333435764005,610,True
1700036600000,1050.26942214184156,535.806393,0.187,50610.66,514.46302914184156,0,0,0.894973057785815844,611,True
1700036660000,1059.31577998493457,535.806393,0.187,50610.66,523.50938698493457,0,0,0.894068422001506543,612,True
1700036720000,1060.88229949370329,535.806393,0.187,50610.66,525.07590649370329,0,0,0.893911770050629671,613,True
1700036780000,1065.89316303300766,535.806393,0.187,50610.66,530.08677003300766,0,0,0.893410683696699234,614,True
1700036840000,1059.31468137118262,535.806393,0.187,50610.66,523.50828837118262,0,0,0.894068531862881738,615,True
1700036900000,1074.752901817986852,535.806393,0.187,50610.66,538.946508817986852,0,0,0.8925247098182013148,616,True
1700036960000,1079.81370921326387,535.806393,0.187,50610.66,544.00731621326387,0,0,0.892018629078673613,617,True
1700037020000,1071.56943267326305,535.806393,0.187,50610.66,535.76303967326305,0,0,0.892843056732673695,618,True
1700037080000,1084.37399925740579,535.806393,0.187,50610.66,548.56760625740579,0,0,0.891562600074259421,619,True
1700037140000,1092.36803146667395,535.806393,0.187,50610.66,556.56163846667395,0,0,0.890763196853332605,620,True
1700037200000,1097.47458638081606,535.806393,0.187,50610.66,561.66819338081606,0,0,0.890252541361918394,621,True
1700037260000,1096.86014574829969,535.806393,0.187,50610.66,561.05375274829969,0,0,0.890313985425170031,622,True
1700037320000,1097.43177526777774,535.806393,0.187,50610.66,561.62538226777774,0,0,0.890256822473222226,623,True
1700037380000,1089.22773819144495,535.806393,0.187,50610.66,553.42134519144495,0,0,0.891077226180855505,624,True
1700037440000,1106.324814875033302,535.806393,0.187,50610.66,570.518421875033302,0,0,0.8893675185124966698,625,True
1700037500000,1099.63940198420727,535.806393,0.187,50610.66,563.83300898420727,0,0,0.890036059801579273,626,True
1700037560000,1109.09500984911069,535.806393,0.187,50610.66,573.28861684911069,0,0,0.889090499015088931,627,True
1700037620000,1100.61362207506667,535.806393,0.187,50610.66,564.80722907506667,0,0,0.889938637792493333,628,True
1700037680000,1104.65679028622391,535.806393,0.187,50610.66,568.85039728622391,0,0,0.889534320971377609,629,True
1700037740000,1108.13218468070108,535.806393,0.187,50610.66,572.32579168070108,0,0,0.889186781531929892,630,True
1700037800000,1100.63697223012512,535.806393,0.187,50610.66,564.83057923012512,0,0,0.889936302776987488,631,True
1700037860000,1096.86275813727119,535.806393,0.187,50610.66,561.05636513727119,0,0,0.890313724186272881,632,True
1700037920000,1092.13273140358267,535.806393,0.187,50610.66,556.32633840358267,0,0,0.890786726859641733,633,True
1700037980000,1090.647025425811875,535.806393,0.187,50610.66,554.840632425811875,0,0,0.8909352974574188125,634,True
1700038040000,1101.57419093270902,535.806393,0.187,50610.66,565.76779793270902,0,0,0.889842580906729098,635,True
1700038100000,1091.6199183095238,535.806393,0.187,50610.66,555.8135253095238,0,0,0.89083800816904762,636,True
1700038160000,1097.43310295049146,535.806393,0.187,50610.66,561.62670995049146,0,0,0.890256689704950854,637,True
1700038220000,1079.51037581024111,535.806393,0.187,50610.66,543.70398281024111,0,0,0.892048962418975889,638,True
1700038280000,1081.97338613906037,535.806393,0.187,50610.66,546.16699313906037,0,0,0.891802661386093963,639,True
1700038340000,1085.72918560675372,535.806393,0.187,50610.66,549.92279260675372,0,0,0.891427081439324628,640,True
1700038400000,1081.72553398888364,535.806393,0.187,50610.66,545.91914098888364,0,0,0.891827446601111636,641,True
1700038460000,1074.98355689401414,535.806393,0.187,50610.66,539.17716389401414,0,0,0.892501644310598586,642,True
1700038520000,1059.64263891685926,535.806393,0.187,50610.66,523.83624591685926,0,0,0.894035736108314074,643,True
1700038580000,1064.00233190149526,535.806393,0.187,50610.66,528.19593890149526,0,0,0.893599766809850474,644,True
1700038640000,1056.23786735163533,535.806393,0.187,50610.66,520.43147435163533,0,0,0.894376213264836467,645,True
1700038700000,1044.90898766311278,535.806393,0.187,50610.66,509.10259466311278,0,0,0.895509101233688722,646,True
1700038760000,1044.6706870986462,535.806393,0.187,50610.66,508.8642940986462,0,0,0.89553293129013538,647,True
1700038820000,1042.55857908560964,535.806393,0.187,50610.66,506.75218608560964,0,0,0.895744142091439036,648,True
1700038880000,1044.85240169419429,535.806393,0.187,50610.66,509.04600869419429,0,0,0.895514759830580571,649,True
1700038940000,1037.557276046246328,535.806393,0.187,50610.66,501.750883046246328,0,0,0.8962442723953753672,650,True
1700039000000,1033.90946191230644,535.806393,0.187,50610.66,498.10306891230644,0,0,0.896609053808769356,651,True
1700039060000,1023.93413572940788,535.806393,0.187,50610.66,488.12774272940788,0,0,0.897606586427059212,652,True
1700039120000,1021.804520862356725,535.806393,0.187,50610.66,485.998127862356725,0,0,0.8978195479137643275,653,True
1700039180000,1015.000117083348725,535.806393,0.187,50610.66,479.193724083348725,0,0,0.8984999882916651275,654,True
1700039240000,1008.91501829744715,535.806393,0.187,50610.66,473.10862529744715,0,0,0.899108498170255285,655,True
1700039300000,1002.135633309291755,535.806393,0.187,50610.66,466.329240309291755,0,0,0.8997864366690708245,656,True
1700039360000,998.8227385305905,535.806393,0.187,50610.66,463.0163455305905,0,0,0.90011772614694095,657,True
1700039420000,1000.11559220685597,535.806393,0.187,50610.66,464.30919920685597,0,0,0.899988440779314403,658,True
1700039480000,989.60354681306141,535.806393,0.187,50610.66,453.79715381306141,0,0,0.901039645318693859,659,True
1700039540000,987.1120979461796,535.806393,0.187,50610.66,451.3057049461796,0,0,0.90128879020538204,660,True
1700039600000,975.6933379922629,535.806393,0.187,50610.66,439.8869449922629,0,0,0.90243066620077371,661,True
1700039660000,987.737330340148948,535.806393,0.187,50610.66,451.930937340148948,0,0,0.9012262669659851052,662,True
1700039720000,972.19489896802472,535.806393,0.187,50610.66,436.38850596802472,0,0,0.902780510103197528,663,True
1700039780000,972.91580790181999,535.806393,0.187,50610.66,437.10941490181999,0,0,0.902708419209818001,664,True
1700039840000,970.58708723984976,535.806393,0.187,50610.66,434.78069423984976,0,0,0.902941291276015024,665,True
1700039900000,959.29143549836653,535.806393,0.187,50610.66,423.48504249836653,0,0,0.904070856450163347,666,True
1700039960000,964.49379206670865,535.806393,0.187,50610.66,428.68739906670865,0,0,0.903550620793329135,667,True
1700040020000,970.489769777182192,535.806393,0.187,50610.66,434.683376777182192,0,0,0.9029510230222817808,668,True
1700040080000,954.276547877869292,535.806393,0.187,50610.66,418.470154877869292,0,0,0.9045723452122130708,669,True
1700040140000,960.70038356964673,535.806393,0.187,50610.66,424.89399056964673,0,0,0.903929961643035327,670,True
1700040200000,951.566028253123458,535.806393,0.187,50610.66,415.759635253123458,0,0,0.9048433971746876542,671,True
1700040260000,966.07135486860813,535.806393,0.187,50610.66,430.26496186860813,0,0,0.903392864513139187,672,True
1700040320000,960.39787592389059,535.806393,0.187,50610.66,424.59148292389059,0,0,0.903960212407610941,673,True
1700040380000,957.65891592834046,535.806393,0.187,50610.66,421.85252292834046,0,0,0.904234108407165954,674,True
1700040440000,963.58503171710748,535.806393,0.187,50610.66,427.77863871710748,0,0,0.903641496828289252,675,True
1700040500000,967.93072651930128,535.806393,0.187,50610.66,432.12433351930128,0,0,0.903206927348069872,676,True
1700040560000,967.8217614983422,535.806393,0.187,50610.66,432.0153684983422,0,0,0.90321782385016578,677,True
1700040620000,965.423823593964195,535.806393,0.187,50610.66,429.617430593964195,0,0,0.9034576176406035805,678,True
1700040680000,962.7954051731509,535.806393,0.187,50610.66,426.9890121731509,0,0,0.90372045948268491,679,True
1700040740000,962.63016284448036,535.806393,0.187,50610.66,426.82376984448036,0,0,0.903736983715551964,680,True
1700040800000,965.186438601033318,535.806393,0.187,50610.66,429.380045601033318,0,0,0.9034813561398966682,681,True
1700040860000,967.4034493320141,535.806393,0.187,50610.66,431.5970563320141,0,0,0.90325965506679859,682,True
1700040920000,975.58814751179332,535.806393,0.187,50610.66,439.78175451179332,0,0,0.902441185248820668,683,True
1700040980000,974.91504572862148,535.806393,0.187,50610.66,439.10865272862148,0,0,0.902508495427137852,684,True
1700041040000,977.091933029308755,535.806393,0.187,50610.66,441.285540029308755,0,0,0.9022908066970691245,685,True
1700041100000,991.94743626460824,535.806393,0.187,50610.66,456.14104326460824,0,0,0.900805256373539176,686,True
1700041160000,982.213219000557202,535.806393,0.187,50610.66,446.406826000557202,0,0,0.9017786780999442798,687,True
1700041220000,988.86474561616182,535.806393,0.187,50610.66,453.05835261616182,0,0,0.901113525438383818,688,True
1700041280000,998.16969612602089,535.806393,0.187,50610.66,462.36330312602089,0,0,0.900183030387397911,689,True
1700041340000,1007.818416724644315,535.806393,0.187,50610.66,472.012023724644315,0,0,0.8992181583275355685,690,True
1700041400000,1007.5174698206023,535.806393,0.187,50610.66,471.7110768206023,0,0,0.89924825301793977,691,True
1700041460000,1014.82511812956891,535.806393,0.187,50610.66,479.01872512956891,0,0,0.898517488187043109,692,True
1700041520000,1019.130631032629312,535.806393,0.187,50610.66,483.324238032629312,0,0,0.8980869368967370688,693,True
1700041580000,1037.14505398568285,535.806393,0.187,50610.66,501.33866098568285,0,0,0.896285494601431715,694,True
1700041640000,1042.132353848131105,535.806393,0.187,50610.66,506.325960848131105,0,0,0.8957867646151868895,695,True
1700041700000,1035.8672143713156,535.806393,0.187,50610.66,500.0608213713156,0,0,0.89641327856286844,696,True
1700041760000,1043.058564905401912,535.806393,0.187,50610.66,507.252171905401912,0,0,0.8956941435094598088,697,True
1700041820000,1051.32693954847219,535.806393,0.187,50610.66,515.52054654847219,0,0,0.894867306045152781,698,True
1700041880000,1057.52639618860972,535.806393,0.187,50610.66,521.72000318860972,0,0,0.894247360381139028,699,True
1700041940000,1067.92506876589854,535.806393,0.187,50610.66,532.11867576589854,0,0,0.893207493123410146,700,True
1700042000000,1085.08509651881109,535.806393,0.187,50610.66,549.27870351881109,0,0,0.891491490348118891,701,True
1700042060000,1073.936225988882112,535.806393,0.187,50610.66,538.129832988882112,0,0,0.8926063774011117888,702,True
1700042120000,1098.13551881245972,535.806393,0.187,50610.66,562.32912581245972,0,0,0.890186448118754028,703,True
1700042180000,1104.34301840855741,535.806393,0.187,50610.66,568.53662540855741,0,0,0.889565698159144259,704,True
1700042240000,1101.88999884559795,535.806393,0.187,50610.66,566.08360584559795,0,0,0.889811000115440205,705,True
1700042300000,1106.89725395952726,535.806393,0.187,50610.66,571.09086095952726,0,0,0.889310274604047274,706,True
1700042360000,1118.65930518159203,535.806393,0.187,50610.66,582.85291218159203,0,0,0.888134069481840797,707,True
1700042420000,1120.78415210377045,535.806393,0.187,50610.66,584.97775910377045,0,0,0.887921584789622955,708,True
1700042480000,1125.556226724183858,535.806393,0.187,50610.66,589.749833724183858,0,0,0.8874443773275816142,709,True
1700042540000,1135.57501377703516,535.806393,0.187,50610.66,599.76862077703516,0,0,0.886442498622296484,710,True
1700042600000,1134.75060534920558,535.806393,0.187,50610.66,598.94421234920558,0,0,0.886524939465079442,711,True
1700042660000,1150.22785435159823,535.806393,0.187,50610.66,614.42146135159823,0,0,0.884977214564840177,712,True
1700042720000,1145.39126808229663,535.806393,0.187,50610.66,609.58487508229663,0,0,0.885460873191770337,713,True
1700042780000,1153.10949216334246,535.806393,0.187,50610.66,617.30309916334246,0,0,0.884689050783665754,714,True
1700042840000,1153.983494802899848,535.806393,0.187,50610.66,618.177101802899848,0,0,0.8846016505197100152,715,True
1700042900000,1158.24077918187508,535.806393,0.187,50610.66,622.43438618187508,0,0,0.884175922081812492,716,True
1700042960000,1168.34578351526344,535.806393,0.187,50610.66,632.53939051526344,0,0,0.883165421648473656,717,True
1700043020000,1176.89253390032347,535.806393,0.187,50610.66,641.08614090032347,0,0,0.882310746609967653,718,True
1700043080000,1169.85311802967455,535.806393,0.187,50610.66,634.04672502967455,0,0,0.883014688197032545,719,True
1700043140000,1189.98465579134868,535.806393,0.187,50610.66,654.17826279134868,0,0,0.881001534420865132,720,True
1700043200000,1180.34259253987649,535.806393,0.187,50610.66,644.53619953987649,0,0,0.881965740746012351,721,True
1700043260000,1177.61969575788935,535.806393,0.187,50610.66,641.81330275788935,0,0,0.882238030424211065,722,True
1700043320000,1183.74843783895491,535.806393,0.187,50610.66,647.94204483895491,0,0,0.881625156216104509,723,True
1700043380000,1194.85510635588945,535.806393,0.187,50610.66,659.04871335588945,0,0,0.880514489364411055,724,True
1700043440000,1186.50054175570633,535.806393,0.187,50610.66,650.69414875570633,0,0,0.881349945824429367,725,True
1700043500000,1200.79148005473504,535.806393,0.187,50610.66,664.98508705473504,0,0,0.879920851994526496,726,True
1700043560000,1197.07115506487543,535.806393,0.187,50610.66,661.26476206487543,0,0,0.880292884493512457,727,True
1700043620000,1192.00083558418325,535.806393,0.187,50610.66,656.19444258418325,0,0,0.880799916441581675,728,True
1700043680000,1189.33999139489909,535.806393,0.187,50610.66,653.53359839489909,0,0,0.881066000860510091,729,True
1700043740000,1188.58653219988782,535.806393,0.187,50610.66,652.78013919988782,0,0,0.881141346780011218,730,True
1700043800000,1200.98419802584972,535.806393,0.187,50610.66,665.17780502584972,0,0,0.879901580197415028,731,True
1700043860000,1194.28871699193288,535.806393,0.187,50610.66,658.48232399193288,0,0,0.880571128300806712,732,True
1700043920000,1195.167722446096002,535.806393,0.187,50610.66,659.361329446096002,0,0,0.8804832277553903998,733,True
1700043980000,1185.2269773749195,535.806393,0.187,50610.66,649.4205843749195,0,0,0.88147730226250805,734,True
1700044040000,1192.30674904081819,535.806393,0.187,50610.66,656.50035604081819,0,0,0.880769325095918181,735,True
1700044100000,1190.58694374847888,535.806393,0.187,50610.66,654.78055074847888,0,0,0.880941305625152112,736,True
1700044160000,1178.531947618514235,535.806393,0.187,50610.66,642.725554618514235,0,0,0.8821468052381485765,737,True
1700044220000,1171.13038239624252,535.806393,0.187,50610.66,635.32398939624252,0,0,0.882886961760375748,738,True
1700044280000,1167.00674022352674,535.806393,0.187,50610.66,631.20034722352674,0,0,0.883299325977647326,739,True
1700044340000,1164.051667573787222,535.806393,0.187,50610.66,628.245274573787222,0,0,0.8835948332426212778,740,True
1700044400000,1166.80672247881578,535.806393,0.187,50610.66,631.00032947881578,0,0,0.883319327752118422,741,True
1700044460000,1163.523620437905,535.806393,0.187,50610.66,627.717227437905,0,0,0.8836476379562095,742,True
1700044520000,1163.007126548873605,535.806393,0.187,50610.66,627.200733548873605,0,0,0.8836992873451126395,743,True
1700044580000,1158.689950905014692,535.806393,0.187,50610.66,622.883557905014692,0,0,0.8841310049094985308,744,True
1700044640000,1151.89093139432434,535.806393,0.187,50610.66,616.08453839432434,0,0,0.884810906860567566,745,True
1700044700000,1139.82846506711942,535.806393,0.187,50610.66,604.02207206711942,0,0,0.886017153493288058,746,True
1700044760000,1144.78282213769233,535.806393,0.187,50610.66,608.97642913769233,0,0,0.885521717786230767,747,True
1700044820000,1144.570351183085595,535.806393,0.187,50610.66,608.763958183085595,0,0,0.8855429648816914405,748,True
1700044880000,1130.19173728817665,535.806393,0.187,50610.66,594.38534428817665,0,0,0.886980826271182335,749,True
1700044940000,1121.53569003981154,535.806393,0.187,50610.66,585.72929703981154,0,0,0.887846430996018846,750,True
1700045000000,1121.90901590007296,535.806393,0.187,50610.66,586.10262290007296,0,0,0.887809098409992704,751,True
1700045060000,1117.10375373250864,535.806393,0.187,50610.66,581.29736073250864,0,0,0.888289624626749136,752,True
1700045120000,1116.91234109369751,535.806393,0.187,50610.66,581.10594809369751,0,0,0.888308765890630249,753,True
1700045180000,1098.974342278745602,535.806393,0.187,50610.66,563.167949278745602,0,0,0.8901025657721254398,754,True
1700045240000,1094.03990922264996,535.806393,0.187,50610.66,558.23351622264996,0,0,0.890596009077735004,755,True
1700045300000,1104.76192480382994,535.806393,0.187,50610.66,568.95553180382994,0,0,0.889523807519617006,756,True
1700045360000,1089.064280619943792,535.806393,0.187,50610.66,553.257887619943792,0,0,0.8910935719380056208,757,True
1700045420000,1095.45516959465324,535.806393,0.187,50610.66,559.64877659465324,0,0,0.890454483040534676,758,True
1700045480000,1087.29949765369791,535.806393,0.187,50610.66,551.49310465369791,0,0,0.891270050234630209,759,True
1700045540000,1088.2315927955614,535.806393,0.187,50610.66,552.4251997955614,0,0,0.89117684072044386,760,True
1700045600000,1068.46773185142288,535.806393,0.187,50610.66,532.66133885142288,0,0,0.893153226814857712,761,True
1700045660000,1066.77214568997535,535.806393,0.187,50610.66,530.96575268997535,0,0,0.893322785431002465,762,True
1700045720000,1074.89117533702169,535.806393,0.187,50610.66,539.08478233702169,0,0,0.892510882466297831,763,True
1700045780000,1059.07053011341726,535.806393,0.187,50610.66,523.26413711341726,0,0,0.894092946988658274,764,True
1700045840000,1057.331651939090362,535.806393,0.187,50610.66,521.525258939090362,0,0,0.8942668348060909638,765,True
1700045900000,1067.80970689510789,535.806393,0.187,50610.66,532.00331389510789,0,0,0.893219029310489211,766,True
1700045960000,1065.67264761680559,535.806393,0.187,50610.66,529.86625461680559,0,0,0.893432735238319441,767,True
1700046020000,1055.651333926322132,535.806393,0.187,50610.66,519.844940926322132,0,0,0.8944348666073677868,768,True
1700046080000,1053.38952209799419,535.806393,0.187,50610.66,517.58312909799419,0,0,0.894661047790200581,769,True
1700046140000,1051.04083501034949,535.806393,0.187,50610.66,515.23444201034949,0,0,0.894895916498965051,770,True
1700046200000,1059.9665960744981,535.806393,0.187,50610.66,524.1602030744981,0,0,0.89400334039255019,771,True
1700046260000,1044.25950819565024,535.806393,0.187,50610.66,508.45311519565024,0,0,0.895574049180434976,772,True
1700046320000,1056.892095415579895,535.806393,0.187,50610.66,521.085702415579895,0,0,0.8943107904584420105,773,True
1700046380000,1058.96539175755208,535.806393,0.187,50610.66,523.15899875755208,0,0,0.894103460824244792,774,True
1700046440000,1045.11103740557405,535.806393,0.187,50610.66,509.30464440557405,0,0,0.895488896259442595,775,True
1700046500000,1047.541527869300628,535.806393,0.187,50610.66,511.735134869300628,0,0,0.8952458472130699372,776,True
1700046560000,1049.15145763998208,535.806393,0.187,50610.66,513.34506463998208,0,0,0.895084854236001792,777,True
1700046620000,1046.68404874640927,535.806393,0.187,50610.66,510.87765574640927,0,0,0.895331595125359073,778,True
1700046680000,1060.837262917994605,535.806393,0.187,50610.66,525.030869917994605,0,0,0.8939162737082005395,779,True
1700046740000,1063.34366296639867,535.806393,0.187,50610.66,527.53726996639867,0,0,0.893665633703360133,780,True
1700046800000,1067.92526210686658,535.806393,0.187,50610.66,532.11886910686658,0,0,0.893207473789313342,781,True
1700046860000,1072.39115234251793,535.806393,0.187,50610.66,536.58475934251793,0,0,0.892760884765748207,782,True
1700046920000,1071.62777782144866,535.806393,0.187,50610.66,535.82138482144866,0,0,0.892837222217855134,783,True
1700046980000,1066.99280330961495,535.806393,0.187,50610.66,531.18641030961495,0,0,0.893300719669038505,784,True
1700047040000,1081.52620677757481,535.806393,0.187,50610.66,545.71981377757481,0,0,0.891847379322242519,785,True
1700047100000,1074.554707478377245,535.806393,0.187,50610.66,538.748314478377245,0,0,0.8925445292521622755,786,True
1700047160000,1076.08894807864451,535.806393,0.187,50610.66,540.28255507864451,0,0,0.892391105192135549,787,True
1700047220000,1094.46296809634962,535.806393,0.187,50610.66,558.65657509634962,0,0,0.890553703190365038,788,True
1700047280000,1090.888928551342678,535.806393,0.187,50610.66,555.082535551342678,0,0,0.8909111071448657322,789,True
1700047340000,1103.61075819167394,535.806393,0.187,50610.66,567.80436519167394,0,0,0.889638924180832606,790,True
1700047400000,1113.478597283232322,535.806393,0.187,50610.66,577.672204283232322,0,0,0.8886521402716767678,791,True
1700047460000,1118.28417738466683,535.806393,0.187,50610.66,582.47778438466683,0,0,0.888171582261533317,792,True
1700047520000,1125.12224491746608,535.806393,0.187,50610.66,589.31585191746608,0,0,0.887487775508253392,793,True
1700047580000,1114.44905482284243,535.806393,0.187,50610.66,578.64266182284243,0,0,0.888555094517715757,794,True
1700047640000,1131.46473276163295,535.806393,0.187,50610.66,595.65833976163295,0,0,0.886853526723836705,795,True
1700047700000,1134.88252709829801,535.806393,0.187,50610.66,599.07613409829801,0,0,0.886511747290170199,796,True
1700047760000,1139.24578976807633,535.806393,0.187,50610.66,603.43939676807633,0,0,0.886075421023192367,797,True
1700047820000,1141.74570352790641,535.806393,0.187,50610.66,605.93931052790641,0,0,0.885825429647209359,798,True
1700047880000,1161.67964721244624,535.806393,0.187,50610.66,625.87325421244624,0,0,0.883832035278755376,799,True
1700047940000,1158.838936496266145,535.806393,0.187,50610.66,623.032543496266145,0,0,0.8841161063503733855,800,True
1700048000000,1161.67088810464308,535.806393,0.187,50610.66,625.86449510464308,0,0,0.883832911189535692,801,True
1700048060000,1172.3767557136293,535.806393,0.187,50610.66,636.5703627136293,0,0,0.88276232442863707,802,True
1700048120000,1189.339082094538165,535.806393,0.187,50610.66,653.532689094538165,0,0,0.8810660917905461835,803,True
1700048180000,1185.672932139147715,535.806393,0.187,50610.66,649.866539139147715,0,0,0.8814327067860852285,804,True
1700048240000,1199.02947832033587,535.806393,0.187,50610.66,663.22308532033587,0,0,0.880097052167966413,805,True
1700048300000,1198.97718673559487,535.806393,0.187,50610.66,663.17079373559487,0,0,0.880102281326440513,806,True
1700048360000,1201.03943416483478,535.806393,0.187,50610.66,665.23304116483478,0,0,0.879896056583516522,807,True
1700048420000,1223.128914957903425,535.806393,0.187,50610.66,687.322521957903425,0,0,0.8776871085042096575,808,True
1700048480000,1228.88861008263329,535.806393,0.187,50610.66,693.08221708263329,0,0,0.877111138991736671,809,True
1700048540000,1237.28028492969176,535.806393,0.187,50610.66,701.47389192969176,0,0,0.876271971507030824,810,True
1700048600000,1228.34879895211331,535.806393,0.187,50610.66,692.54240595211331,0,0,0.877165120104788669,811,True
1700048660000,1245.82117563794122,535.806393,0.187,50610.66,710.01478263794122,0,0,0.875417882436205878,812,True
1700048720000,1248.37287427528633,535.806393,0.187,50610.66,712.56648127528633,0,0,0.875162712572471367,813,True
1700048780000,1242.75394147031348,535.806393,0.187,50610.66,706.94754847031348,0,0,0.875724605852968652,814,True
1700048840000,1257.133513252432925,535.806393,0.187,50610.66,721.327120252432925,0,0,0.8742866486747567075,815,True
1700048900000,1267.015121289950405,535.806393,0.187,50610.66,731.208728289950405,0,0,0.8732984878710049595,816,True
1700048960000,1259.016342578174795,535.806393,0.187,50610.66,723.209949578174795,0,0,0.8740983657421825205,817,True
1700049020000,1262.91257369050885,535.806393,0.187,50610.66,727.10618069050885,0,0,0.873708742630949115,818,True
1700049080000,1265.04412692793994,535.806393,0.187,50610.66,729.23773392793994,0,0,0.873495587307206006,819,True
1700049140000,1277.89831513666147,535.806393,0.187,50610.66,742.09192213666147,0,0,0.872210168486333853,820,True
1700049200000,1281.237824000295138,535.806393,0.187,50610.66,745.431431000295138,0,0,0.8718762175999704862,821,True
1700049260000,1286.09163980042362,535.806393,0.187,50610.66,750.28524680042362,0,0,0.871390836019957638,822,True
1700049320000,1276.44671715355554,535.806393,0.187,50610.66,740.64032415355554,0,0,0.872355328284644446,823,True
1700049380000,1284.90213331677737,535.806393,0.187,50610.66,749.09574031677737,0,0,0.871509786668322263,824,True
1700049440000,1285.221416705032168,535.806393,0.187,50610.66,749.415023705032168,0,0,0.8714778583294967832,825,True
1700049500000,1293.477058193896432,535.806393,0.187,50610.66,757.670665193896432,0,0,0.8706522941806103568,826,True
1700049560000,1279.39152100742214,535.806393,0.187,50610.66,743.58512800742214,0,0,0.872060847899257786,827,True
1700049620000,1280.200418668249825,535.806393,0.187,50610.66,744.394025668249825,0,0,0.8719799581331750175,828,True
1700049680000,1286.41148823816267,535.806393,0.187,50610.66,750.60509523816267,0,0,0.871358851176183733,829,True
1700049740000,1278.9544787050679,535.806393,0.187,50610.66,743.1480857050679,0,0,0.87210455212949321,830,True
1700049800000,1287.19442761312525,535.806393,0.187,50610.66,751.38803461312525,0,0,0.871280557238687475,831,True
1700049860000,1277.518550860839418,535.806393,0.187,50610.66,741.712157860839418,0,0,0.8722481449139160582,832,True
1700049920000,1281.65427839313877,535.806393,0.187,50610.66,745.84788539313877,0,0,0.871834572160686123,833,True
1700049980000,1273.14927367576642,535.806393,0.187,50610.66,737.34288067576642,0,0,0.872685072632423358,834,True
1700050040000,1287.73530128750574,535.806393,0.187,50610.66,751.92890828750574,0,0,0.871226469871249426,835,True
1700050100000,1269.73740463297212,535.806393,0.187,50610.66,733.93101163297212,0,0,0.873026259536702788,836,True
1700050160000,1276.89594847247203,535.806393,0.187,50610.66,741.08955547247203,0,0,0.872310405152752797,837,True
1700050220000,1270.27440042748972,535.806393,0.187,50610.66,734.46800742748972,0,0,0.872972559957251028,838,True
1700050280000,1264.020149039523248,535.806393,0.187,50610.66,728.213756039523248,0,0,0.8735979850960476752,839,True
1700050340000,1264.33428734480913,535.806393,0.187,50610.66,728.52789434480913,0,0,0.873566571265519087,840,True
1700050400000,1264.78553826941977,535.806393,0.187,50610.66,728.97914526941977,0,0,0.873521446173058023,841,True
1700050460000,1253.54164723207003,535.806393,0.187,50610.66,717.73525423207003,0,0,0.874645835276792997,842,True
1700050520000,1254.59769789893474,535.806393,0.187,50610.66,718.79130489893474,0,0,0.874540230210106526,843,True
1700050580000,1246.238639834255572,535.806393,0.187,50610.66,710.432246834255572,0,0,0.8753761360165744428,844,True
1700050640000,1244.484831571869348,535.806393,0.187,50610.66,708.678438571869348,0,0,0.8755515168428130652,845,True
1700050700000,1234.52695078989552,535.806393,0.187,50610.66,698.72055778989552,0,0,0.876547304921010448,846,True
1700050760000,1242.94955119064214,535.806393,0.187,50610.66,707.14315819064214,0,0,0.875705044880935786,847,True
1700050820000,1235.84374757439377,535.806393,0.187,50610.66,700.03735457439377,0,0,0.876415625242560623,848,True
1700050880000,1219.550617893658885,535.806393,0.187,50610.66,683.744224893658885,0,0,0.8780449382106341115,849,True
1700050940000,1220.26219556110574,535.806393,0.187,50610.66,684.45580256110574,0,0,0.877973780443889426,850,True
1700051000000,1211.24422558349783,535.806393,0.187,50610.66,675.43783258349783,0,0,0.878875577441650217,851,True
1700051060000,1220.45276247931004,535.806393,0.187,50610.66,684.64636947931004,0,0,0.877954723752068996,852,True
1700051120000,1207.38283219493754,535.806393,0.187,50610.66,671.57643919493754,0,0,0.879261716780506246,853,True
1700051180000,1194.50707810079812,535.806393,0.187,50610.66,658.70068510079812,0,0,0.880549292189920188,854,True
1700051240000,1188.114101446775172,535.806393,0.187,50610.66,652.307708446775172,0,0,0.8811885898553224828,855,True
1700051300000,1196.59759796580499,535.806393,0.187,50610.66,660.79120496580499,0,0,0.880340240203419501,856,True
1700051360000,1180.76945322555847,535.806393,0.187,50610.66,644.96306022555847,0,0,0.881923054677444153,857,True
1700051420000,1190.04906882171102,535.806393,0.187,50610.66,654.24267582171102,0,0,0.880995093117828898,858,True
1700051480000,1184.4452882604407,535.806393,0.187,50610.66,648.6388952604407,0,0,0.88155547117395593,859,True
1700051540000,1175.82321253791131,535.806393,0.187,50610.66,640.01681953791131,0,0,0.882417678746208869,860,True
1700051600000,1170.925536452850452,535.806393,0.187,50610.66,635.119143452850452,0,0,0.8829074463547149548,861,True
1700051660000,1159.863670054778435,535.806393,0.187,50610.66,624.057277054778435,0,0,0.8840136329945221565,862,True
1700051720000,1158.48572444373671,535.806393,0.187,50610.66,622.67933144373671,0,0,0.884151427555626329,863,True
1700051780000,1159.395892791123668,535.806393,0.187,50610.66,623.589499791123668,0,0,0.8840604107208876332,864,True
1700051840000,1162.09106922086894,535.806393,0.187,50610.66,626.28467622086894,0,0,0.883790893077913106,865,True
1700051900000,1162.881321316577752,535.806393,0.187,50610.66,627.074928316577752,0,0,0.8837118678683422248,866,True
1700051960000,1156.76158167800671,535.806393,0.187,50610.66,620.95518867800671,0,0,0.884323841832199329,867,True
1700052020000,1156.88737637588776,535.806393,0.187,50610.66,621.08098337588776,0,0,0.884311262362411224,868,True
1700052080000,1146.344012950049605,535.806393,0.187,50610.66,610.537619950049605,0,0,0.8853655987049950395,869,True
1700052140000,1141.27511580613323,535.806393,0.187,50610.66,605.46872280613323,0,0,0.885872488419386677,870,True
1700052200000,1152.90030028312371,535.806393,0.187,50610.66,617.09390728312371,0,0,0.884709969971687629,871,True
1700052260000,1148.76743873128799,535.806393,0.187,50610.66,612.96104573128799,0,0,0.885123256126871201,872,True
1700052320000,1146.93052080852477,535.806393,0.187,50610.66,611.12412780852477,0,0,0.885306947919147523,873,True
1700052380000,1138.43628154490422,535.806393,0.187,50610.66,602.62988854490422,0,0,0.886156371845509578,874,True
1700052440000,1143.02967803361338,535.806393,0.187,50610.66,607.22328503361338,0,0,0.885697032196638662,875,True
1700052500000,1151.73445734054291,535.806393,0.187,50610.66,615.92806434054291,0,0,0.884826554265945709,876,True
1700052560000,1141.988129452665065,535.806393,0.187,50610.66,606.181736452665065,0,0,0.8858011870547334935,877,True
1700052620000,1143.22682976529391,535.806393,0.187,50610.66,607.42043676529391,0,0,0.885677317023470609,878,True
1700052680000,1143.89522050730499,535.806393,0.187,50610.66,608.08882750730499,0,0,0.885610477949269501,879,True
1700052740000,1157.43944890103575,535.806393,0.187,50610.66,621.63305590103575,0,0,0.884256055109896425,880,True
1700052800000,1158.35337398029184,535.806393,0.187,50610.66,622.54698098029184,0,0,0.884164662601970816,881,True
1700052860000,1166.589891479981,535.806393,0.187,50610.66,630.783498479981,0,0,0.8833410108520019,882,True
1700052920000,1160.3842346318815,535.806393,0.187,50610.66,624.5778416318815,0,0,0.88396157653681185,883,True
1700052980000,1157.23086011776332,535.806393,0.187,50610.66,621.42446711776332,0,0,0.884276913988223668,884,True
1700053040000,1177.84835824929725,535.806393,0.187,50610.66,642.04196524929725,0,0,0.882215164175070275,885,True
1700053100000,1181.337630547129395,535.806393,0.187,50610.66,645.531237547129395,0,0,0.8818662369452870605,886,True
1700053160000,1173.083803219423908,535.806393,0.187,50610.66,637.277410219423908,0,0,0.8826916196780576092,887,True
1700053220000,1185.72019815499526,535.806393,0.187,50610.66,649.91380515499526,0,0,0.881427980184500474,888,True
1700053280000,1183.68419951479182,535.806393,0.187,50610.66,647.87780651479182,0,0,0.881631580048520818,889,True
1700053340000,1191.428063356460775,535.806393,0.187,50610.66,655.621670356460775,0,0,0.8808571936643539225,890,True
1700053400000,1193.451778358357968,535.806393,0.187,50610.66,657.645385358357968,0,0,0.8806548221641642032,891,True
1700053460000,1211.33395709306421,535.806393,0.187,50610.66,675.52756409306421,0,0,0.878866604290693579,892,True
1700053520000,1205.37543227957538,535.806393,0.187,50610.66,669.56903927957538,0,0,0.879462456772042462,893,True
1700053580000,1225.29106304101399,535.806393,0.187,50610.66,689.48467004101399,0,0,0.877470893695898601,894,True
1700053640000,1232.3455465178527,535.806393,0.187,50610.66,696.5391535178527,0,0,0.87676544534821473,895,True
1700053700000,1224.2517416510798,535.806393,0.187,50610.66,688.4453486510798,0,0,0.87757482583489202,896,True
1700053760000,1241.120152519163212,535.806393,0.187,50610.66,705.313759519163212,0,0,0.8758879847480836788,897,True
1700053820000,1234.68059049145196,535.806393,0.187,50610.66,698.87419749145196,0,0,0.876531940950854804,898,True
1700053880000,1244.07678355910214,535.806393,0.187,50610.66,708.27039055910214,0,0,0.875592321644089786,899,True
1700053940000,1262.413984326859,535.806393,0.187,50610.66,726.607591326859,0,0,0.8737586015673141,900,True
1700054000000,1265.62335802031801,535.806393,0.187,50610.66,729.81696502031801,0,0,0.873437664197968199,901,True
1700054060000,1269.17582319515307,535.806393,0.187,50610.66,733.36943019515307,0,0,0.873082417680484693,902,True
1700054120000,1283.352524148888588,535.806393,0.187,50610.66,747.546131148888588,0,0,0.8716647475851111412,903,True
1700054180000,1274.5202482104432,535.806393,0.187,50610.66,738.7138552104432,0,0,0.87254797517895568,904,True
1700054240000,1292.01580025304777,535.806393,0.187,50610.66,756.20940725304777,0,0,0.870798419974695223,905,True
1700054300000,1304.665769274568975,535.806393,0.187,50610.66,768.859376274568975,0,0,0.8695334230725431025,906,True
1700054360000,1298.89494858615746,535.806393,0.187,50610.66,763.08855558615746,0,0,0.870110505141384254,907,True
1700054420000,1308.29406401160611,535.806393,0.187,50610.66,772.48767101160611,0,0,0.869170593598839389,908,True
1700054480000,1324.72780492603519,535.806393,0.187,50610.66,788.92141192603519,0,0,0.867527219507396481,909,True
1700054540000,1328.11413971252644,535.806393,0.187,50610.66,792.30774671252644,0,0,0.867188586028747356,910,True
1700054600000,1335.84205893390715,535.806393,0.187,50610.66,800.03566593390715,0,0,0.866415794106609285,911,True
1700054660000,1328.088407530248165,535.806393,0.187,50610.66,792.282014530248165,0,0,0.8671911592469751835,912,True
1700054720000,1344.30377799806331,535.806393,0.187,50610.66,808.49738499806331,0,0,0.865569622200193669,913,True
1700054780000,1352.271637155459525,535.806393,0.187,50610.66,816.465244155459525,0,0,0.8647728362844540475,914,True
1700054840000,1341.27126778726247,535.806393,0.187,50610.66,805.46487478726247,0,0,0.865872873221273753,915,True
1700054900000,1353.16174489161711,535.806393,0.187,50610.66,817.35535189161711,0,0,0.864683825510838289,916,True
1700054960000,1363.519408316256828,535.806393,0.187,50610.66,827.713015316256828,0,0,0.8636480591683743172,917,True
1700055020000,1362.41410325461035,535.806393,0.187,50610.66,826.60771025461035,0,0,0.863758589674538965,918,True
1700055080000,1369.016980124627998,535.806393,0.187,50610.66,833.210587124627998,0,0,0.8630983019875372002,919,True
1700055140000,1370.830514316058465,535.806393,0.187,50610.66,835.024121316058465,0,0,0.8629169485683941535,920,True
1700055200000,1374.888249461034175,535.806393,0.187,50610.66,839.081856461034175,0,0,0.8625111750538965825,921,True
1700055260000,1373.18475553138595,535.806393,0.187,50610.66,837.37836253138595,0,0,0.862681524446861405,922,True
1700055320000,1381.20361252305246,535.806393,0.187,50610.66,845.39721952305246,0,0,0.861879638747694754,923,True
1700055380000,1382.88805370247467,535.806393,0.187,50610.66,847.08166070247467,0,0,0.861711194629752533,924,True
1700055440000,1376.112096860057138,535.806393,0.187,50610.66,840.305703860057138,0,0,0.8623887903139942862,925,True
1700055500000,1375.57165890466686,535.806393,0.187,50610.66,839.76526590466686,0,0,0.862442834109533314,926,True
1700055560000,1382.517231066427378,535.806393,0.187,50610.66,846.710838066427378,0,0,0.8617482768933572622,927,True
1700055620000,1376.807749183042978,535.806393,0.187,50610.66,841.001356183042978,0,0,0.8623192250816957022,928,True
1700055680000,1384.420921490564418,535.806393,0.187,50610.66,848.614528490564418,0,0,0.8615579078509435582,929,True
1700055740000,1388.495356169038105,535.806393,0.187,50610.66,852.688963169038105,0,0,0.8611504643830961895,930,True
1700055800000,1380.187741390655658,535.806393,0.187,50610.66,844.381348390655658,0,0,0.8619812258609344342,931,True
1700055860000,1385.28735574118374,535.806393,0.187,50610.66,849.48096274118374,0,0,0.861471264425881626,932,True
1700055920000,1379.90814799124541,535.806393,0.187,50610.66,844.10175499124541,0,0,0.862009185200875459,933,True
1700055980000,1379.78430220846766,535.806393,0.187,50610.66,843.97790920846766,0,0,0.862021569779153234,934,True
1700056040000,1375.91352039604684,535.806393,0.187,50610.66,840.10712739604684,0,0,0.862408647960395316,935,True
1700056100000,1369.393007943714082,535.806393,0.187,50610.66,833.586614943714082,0,0,0.8630606992056285918,936,True
1700056160000,1362.06071267845899,535.806393,0.187,50610.66,826.25431967845899,0,0,0.863793928732154101,937,True
1700056220000,1357.78807172847081,535.806393,0.187,50610.66,821.98167872847081,0,0,0.864221192827152919,938,True
1700056280000,1365.48894432600882,535.806393,0.187,50610.66,829.68255132600882,0,0,0.863451105567399118,939,True
1700056340000,1351.82729753223186,535.806393,0.187,50610.66,816.02090453223186,0,0,0.864817270246776814,940,True
1700056400000,1350.591208426366125,535.806393,0.187,50610.66,814.784815426366125,0,0,0.8649408791573633875,941,True
1700056460000,1357.332324162658238,535.806393,0.187,50610.66,821.525931162658238,0,0,0.8642667675837341762,942,True
1700056520000,1348.88333844467743,535.806393,0.187,50610.66,813.07694544467743,0,0,0.865111666155532257,943,True
1700056580000,1341.67697660064212,535.806393,0.187,50610.66,805.87058360064212,0,0,0.865832302339935788,944,True
1700056640000,1335.999653218174152,535.806393,0.187,50610.66,800.193260218174152,0,0,0.8664000346781825848,945,True
1700056700000,1327.92772991397146,535.806393,0.187,50610.66,792.12133691397146,0,0,0.867207227008602854,946,True
1700056760000,1331.26582695743649,535.806393,0.187,50610.66,795.45943395743649,0,0,0.866873417304256351,947,True
1700056820000,1319.09521538005014,535.806393,0.187,50610.66,783.28882238005014,0,0,0.868090478461994986,948,True
1700056880000,1324.60097812236591,535.806393,0.187,50610.66,788.79458512236591,0,0,0.867539902187763409,949,True
1700056940000,1311.23497169565407,535.806393,0.187,50610.66,775.42857869565407,0,0,0.868876502830434593,950,True
1700057000000,1306.13733934953259,535.806393,0.187,50610.66,770.33094634953259,0,0,0.869386266065046741,951,True
1700057060000,1302.1548786695514,535.806393,0.187,50610.66,766.3484856695514,0,0,0.86978451213304486,952,True
1700057120000,1306.47938966582313,535.806393,0.187,50610.66,770.67299666582313,0,0,0.869352061033417687,953,True
1700057180000,1286.50365342661999,535.806393,0.187,50610.66,750.69726042661999,0,0,0.871349634657338001,954,True
1700057240000,1298.907067038528518,535.806393,0.187,50610.66,763.100674038528518,0,0,0.8701092932961471482,955,True
1700057300000,1277.54735041745846,535.806393,0.187,50610.66,741.74095741745846,0,0,0.872245264958254154,956,True
1700057360000,1285.47197682905948,535.806393,0.187,50610.66,749.66558382905948,0,0,0.871452802317094052,957,True
1700057420000,1282.215604292990355,535.806393,0.187,50610.66,746.409211292990355,0,0,0.8717784395707009645,958,True
1700057480000,1268.311855970355272,535.806393,0.187,50610.66,732.505462970355272,0,0,0.8731688144029644728,959,True
1700057540000,1263.32613782281446,535.806393,0.187,50610.66,727.51974482281446,0,0,0.873667386217718554,960,True
1700057600000,1259.72599495082682,535.806393,0.187,50610.66,723.91960195082682,0,0,0.874027400504917318,961,True
1700057660000,1255.23120388117706,535.806393,0.187,50610.66,719.42481088117706,0,0,0.874476879611882294,962,True
1700057720000,1260.432845437457262,535.806393,0.187,50610.66,724.626452437457262,0,0,0.8739567154562542738,963,True
1700057780000,1255.60575814636832,535.806393,0.187,50610.66,719.79936514636832,0,0,0.874439424185363168,964,True
1700057840000,1251.52247117166358,535.806393,0.187,50610.66,715.71607817166358,0,0,0.874847752882833642,965,True
1700057900000,1244.633545276165395,535.806393,0.187,50610.66,708.827152276165395,0,0,0.8755366454723834605,966,True
1700057960000,1254.548758065920415,535.806393,0.187,50610.66,718.742365065920415,0,0,0.8745451241934079585,967,True
1700058020000,1247.46699036951575,535.806393,0.187,50610.66,711.66059736951575,0,0,0.875253300963048425,968,True
1700058080000,1250.378820930623482,535.806393,0.187,50610.66,714.572427930623482,0,0,0.8749621179069376518,969,True
1700058140000,1233.34184459079881,535.806393,0.187,50610.66,697.53545159079881,0,0,0.876665815540920119,970,True
1700058200000,1248.84828731913757,535.806393,0.187,50610.66,713.04189431913757,0,0,0.875115171268086243,971,True
1700058260000,1236.9590346418469,535.806393,0.187,50610.66,701.1526416418469,0,0,0.87630409653581531,972,True
1700058320000,1238.82702436242058,535.806393,0.187,50610.66,703.02063136242058,0,0,0.876117297563757942,973,True
1700058380000,1236.539709830240122,535.806393,0.187,50610.66,700.733316830240122,0,0,0.8763460290169759878,974,True
1700058440000,1243.864564254883405,535.806393,0.187,50610.66,708.058171254883405,0,0,0.8756135435745116595,975,True
1700058500000,1238.91427644730659,535.806393,0.187,50610.66,703.10788344730659,0,0,0.876108572355269341,976,True
1700058560000,1248.03222216788248,535.806393,0.187,50610.66,712.22582916788248,0,0,0.875196777783211752,977,True
1700058620000,1246.99248554585079,535.806393,0.187,50610.66,711.18609254585079,0,0,0.875300751445414921,978,True
1700058680000,1247.574063911784795,535.806393,0.187,50610.66,711.767670911784795,0,0,0.8752425936088215205,979,True
1700058740000,1237.88718426738553,535.806393,0.187,50610.66,702.08079126738553,0,0,0.876211281573261447,980,True
1700058800000,1246.21642724721528,535.806393,0.187,50610.66,710.41003424721528,0,0,0.875378357275278472,981,True
1700058860000,1246.581822673624788,535.806393,0.187,50610.66,710.775429673624788,0,0,0.8753418177326375212,982,True
1700058920000,1258.400725570101552,535.806393,0.187,50610.66,722.594332570101552,0,0,0.8741599274429898448,983,True
1700058980000,1257.82365539057987,535.806393,0.187,50610.66,722.01726239057987,0,0,0.874217634460942013,984,True
1700059040000,1255.8221546793889,535.806393,0.187,50610.66,720.0157616793889,0,0,0.87441778453206111,985,True
1700059100000,1274.49469092346699,535.806393,0.187,50610.66,738.68829792346699,0,0,0.872550530907653301,986,True
1700059160000,1278.14474258123335,535.806393,0.187,50610.66,742.33834958123335,0,0,0.872185525741876665,987,True
1700059220000,1279.37219700857326,535.806393,0.187,50610.66,743.56580400857326,0,0,0.872062780299142674,988,True
1700059280000,1275.03049100384123,535.806393,0.187,50610.66,739.22409800384123,0,0,0.872496950899615877,989,True
1700059340000,1285.06913148178148,535.806393,0.187,50610.66,749.26273848178148,0,0,0.871493086851821852,990,True
1700059400000,1293.376666955379555,535.806393,0.187,50610.66,757.570273955379555,0,0,0.8706623333044620445,991,True
1700059460000,1307.36045017741604,535.806393,0.187,50610.66,771.55405717741604,0,0,0.869263954982258396,992,True
1700059520000,1313.413196631477435,535.806393,0.187,50610.66,777.606803631477435,0,0,0.8686586803368522565,993,True
1700059580000,1315.31344589576196,535.806393,0.187,50610.66,779.50705289576196,0,0,0.868468655410423804,994,True
1700059640000,1316.14759966395674,535.806393,0.187,50610.66,780.34120666395674,0,0,0.868385240033604326,995,True
1700059700000,1322.501560066801652,535.806393,0.187,50610.66,786.695167066801652,0,0,0.8677498439933198348,996,True
1700059760000,1323.59936214750201,535.806393,0.187,50610.66,787.79296914750201,0,0,0.867640063785249799,997,True
1700059820000,1336.86270514229995,535.806393,0.187,50610.66,801.05631214229995,0,0,0.866313729485770005,998,True
1700059880000,1351.76803705725035,535.806393,0.187,50610.66,815.96164405725035,0,0,0.864823196294274965,999,True
1700059940000,1343.1138763967539,535.806393,0.187,50610.66,807.3074833967539,0,0,0.86568861236032461,1000,True
